Workbook
Name _edn1: Słowniki!$H$5
Name _edn10: Słowniki!$J$43
Name _edn11: Słowniki!$J$44
Name _edn12: Słowniki!$J$45
Name _edn2: Słowniki!$J$35
Name _edn3: Słowniki!$J$36
Name _edn4: Słowniki!$J$37
Name _edn5: Słowniki!$J$38
Name _edn6: Słowniki!$J$39
Name _edn7: Słowniki!$J$40
Name _edn8: Słowniki!$J$41
Name _edn9: Słowniki!$J$42
Name _ednref1: Słowniki!$H$2
Name _ednref10: Słowniki!#REF!
Name _ednref11: Słowniki!#REF!
Name _ednref12: Słowniki!#REF!
Name _ednref2: Słowniki!#REF!
Name _ednref3: Słowniki!#REF!
Name _ednref4: Słowniki!#REF!
Name _ednref5: Słowniki!#REF!
Name _ednref6: Słowniki!#REF!
Name _ednref7: Słowniki!#REF!
Name _ednref8: Słowniki!#REF!
Name _ednref9: Słowniki!#REF!
Name _ftn1: Słowniki!$D$33
Name _ftnref1: Słowniki!$D$16
Name _Hlk108901557: Słowniki!$D$30
Name _Hlk146545562: 'Wniosek art 5 budowa'!$AM$59
Name _Hlk53499634: Słowniki!$D$22
Name _Hlk59545887: Słowniki!$E$18
Name _Hlk63413254: Słowniki!$D$5
Name ListaRob: 'Słownik woj_powiaty'!$E$3:$F$381

Sheet Wybór
A1: Wybierz beneficjenta wsparcia
A2: Wybierz rodzaj przedsięwzięcia
A3: Wybierz Inwestora innego niż beneficjent wsparcia****
A4: Rodzaj zasobu | B4: Rodzaj przedsięwzięcia*** | C4: Beneficjent wsparcia
C5: Gmina | D5: Jednoosobowa Spółka Gminna | E5: Związek Międzygminny | F5: Powiat | G5: Organizacja pozarządowa albo podmiot, o których mowa w art. 3 ust. 2 i 3 ustawy z dnia 24 kwietnia 2003 r. o działalności pożytku publicznego i o wolontariacie
C6: Wysokość finansowego wsparcia
A7: Lokale Mieszkalne na Wynajem art. 5 | B7: Budowa budynku | C7: 25%/35% | E7: 25%/35%
B8: Remont lub przebudowa budynku | C8: 25%/35% | E8: 25%/35%
B9: Remont lub przebudowa budynku SAN | C9: 80/60/40% | E9: 80/60/40%
A10: Lokale Mieszkalne stanowiące mieszkaniowy zasób gminy * art. 3 | B10: Budowa budynku | C10: 0.8 | D10: 0.8
B11: Kupno lub kupno połączone z remontem | C11: 0.5 | D11: 0.5
B12: Remont lub przebudowa budynku mieszkalnego | C12: 0.8 | D12: 0.8
B13: Remont lub przebudowa budynku niemieszkalnego | C13: 0.8 | D13: 0.8
B14: Zmiana sposobu użytkowania budynku | C14: 0.8 | D14: 0.8
A15: Lokale Mieszkalne stanowiące mieszkaniowy zasób gminy ***** art. 3 | B15: Remont lub przebudowa lokalu mieszkalnego z premią MZG | C15: 0.5 | D15: 0.5
A16: Lokale mieszkalne z prawem do podnajmowania art. 5a * | B16: Budowa budynku | C16: 0.8 | E16: 0.8
B17: Remont lub przebudowa budynku | C17: 0.8 | E17: 0.8
A18: Mieszkania treningowe i wspomagane * art. 3 oraz art. 6 | B18: Budowa budynku | C18: 0.8 | D18: 0.8 | F18: 0.8 | G18: 0.8
B19: Kupno lub kupno połączone z remontem | C19: 0.5 | D19: 0.5 | F19: 0.5 | G19: 0.5
B20: Remont lub przebudowa budynku mieszkalnego | C20: 0.8 | D20: 0.8 | F20: 0.8 | G20: 0.8
B21: Remont lub przebudowa budynku niemieszkalnego | C21: 0.8 | D21: 0.8 | F21: 0.8 | G21: 0.8
B22: Zmiana sposobu użytkowania budynku | C22: 0.8 | D22: 0.8 | F22: 0.8 | G22: 0.8
A23: Mieszkania treningowe i wspomagane ***** art. 3 oraz art. 6 | B23: Remont lub przebudowa lokalu mieszkalnego z premią MZG | C23: 0.5 | D23: 0.5
A24: Mieszkania treningowe i wspomagane z prawem do podnajmowania art. 5a w związku z art. 6 * | B24: Budowa budynku | C24: 0.8 | E24: 0.8 | F24: 0.8
B25: Remont lub przebudowa budynku niemieszkalnego lub mieszkalnego | C25: 0.8 | E25: 0.8 | F25: 0.8
A26: Mieszkania (Powódź) | B26: Budowa budynku | C26: 0.9 | D26: 0.9
B27: Kupno lub kupno połączone z remontem | C27: 0.6 | D27: 0.6
B28: Remont lub przebudowa budynku niemieszkalnego lub mieszkalnego | C28: 0.9 | D28: 0.9
B29: Zmiana sposobu użytkowania budynku | C29: 0.9 | D29: 0.9
B30: Remont lub przebudowa lokalu mieszkalnego | C30: 0.6 | D30: 0.6
A31: Ogrzewalnie art. 4 * | B31: Remont lub przebudowa budynku niemieszkalnego lub mieszkalnego | C31: 0.8 | D31: 0.8 | E31: 0.8 | G31: 0.8
B32: Zmiana sposobu użytkowania budynku | C32: 0.8 | D32: 0.8 | E32: 0.8 | G32: 0.8
B33: Budowa budynku ** | C33: 0.8 | D33: 0.8 | E33: 0.8 | G33: 0.8
A34: Pomieszczenia tymczasowe art. 3 * | B34: Zmiana sposobu użytkowania budynku | C34: 0.8 | D34: 0.8
A35: Byłe Mieszkania Zakładowe art. 3 | B35: Kupno lub kupno połączone z remontem | C35: 0.95 | D35: 0.95
A36: Dostosowanie Standardów Noclegowni art. 4 | B36: Remont lub przebudowa istniejącej noclegowni | C36: 0.8 | D36: 0.8 | E36: 0.8 | G36: 0.8
A37: Dostosowanie Standardów Schronisk dla osób bezdomnych art. 4 | B37: Remont lub przebudowa istniejącego schroniska dla bezdomnych | C37: 0.8 | D37: 0.8 | E37: 0.8 | G37: 0.8
A38: Dostosowanie Standardów Ogrzewalni art. 4 | B38: Remont lub przebudowa istniejącej ogrzewalni | C38: 0.8 | D38: 0.8 | E38: 0.8 | G38: 0.8
A39: Noclegownie art. 4 * | B39: Budowa budynku | C39: 0.8 | D39: 0.8 | E39: 0.8 | G39: 0.8
B40: Remont lub przebudowa budynku niemieszkalnego lub mieszkalnego | C40: 0.8 | D40: 0.8 | E40: 0.8 | G40: 0.8
B41: Zmiana sposobu użytkowania budynku | C41: 0.8 | D41: 0.8 | E41: 0.8 | G41: 0.8
A42: Schroniska dla osób bezdomnych art. 4* | B42: Budowa budynku | C42: 0.8 | D42: 0.8 | E42: 0.8 | G42: 0.8
B43: Remont lub przebudowa budynku niemieszkalnego lub mieszkalnego | C43: 0.8 | D43: 0.8 | E43: 0.8 | G43: 0.8
B44: Zmiana sposobu użytkowania budynku | C44: 0.8 | D44: 0.8 | E44: 0.8 | G44: 0.8
A45: Infrastruktury techniczna lub infrastruktura społeczna | B45: budowa lub przebudowa | C45: 0.1 | E45: 0.1
A46: Infrastruktury techniczna lub infrastruktura społeczna | B46: budowa lub przebudowa | F46: 0.1
A48: Objaśnienia do tabeli:
A49: * 5 % dodatkowo, w przypadku przedsięwzięć, w których nie mniej niż 5 % lokali mieszkalnych przeznaczonych będzie dla rodzin wg ustawy o wsparciu kobiet i rodzin "za życiem" lub w przypadku przedsięwzięcia, o którym mowa w art. 15 ust. 1 pkt 5 lit. a ustawy o rewitalizacji
A50: ** przedsięwzięcie polegające na budowie ogrzewalni jest możliwe tylko w przypadku, gdy w budynku powstanie również noclegownia lub schronisko dla bezdomnych
A51: *** jeżeli inwestycja dotyczy wielu rodzajów przedsięwzięć lub wielu rodzajów zasobów należy wybrać do wypełnienia wnioski z dopiskiem "inne" lub "mieszane"
A52: **** Wybierz Inwestora innego niż beneficjent wsparcia dotyczy tylko Gminy lub Związku Międzygminnego
A53: ***** 10% wysokość finansowego wsparcia podwyższa się o 10 punktów procentowych, jeżeli budynek jest wpisany do rejestru zabytków lub znajduje się na obszarze wpisanym do rejestru zabytków

Sheet Wniosek art 3 budowa
A1: Proszę wypełnić niebieskie pola, brak wypełnienia niebieskich pól może spowodować wezwanie do uzupełnienia wniosku, co wydłuży okres rozpatrzenia wniosku.
A2: Żółte pola wypełnią się automatycznie.
AM3: Uwagi, komentarze przydatne przy wypełnianiu wniosku
H4: =TODAY() -> 46184
A5: miejscowość | H5: data wniosku
A7: Wybierz właściwe | G7: Nowy wniosek | R7: Korekta wniosku
A8: Jeżeli składasz korektę wniosku wpisz numer pisma z wezwania do uzupełnienia | AM8: Wpisz nie dotyczy jeżeli skąłdasz nowy wniosek
A9: Szanowni Państwo, przesyłając nowy wniosek w tytule sprawy (w piśmie przewodnim lub technicznym przesyłanym poprzez ePUAP/e-doręczenia wraz z wnioskiem) proszę wpisywać treść „nowy wniosek”, a jeśli przesyłana jest korekta wniosku proszę wpisać „korekta wniosku dla sprawy numer (…)”. Numer sprawy to znak pisma – wezwania do uzupełnienia. Przesyłana korespondencja do banku poprzez ePUAP lub przez e-doręczenia powinna dotyczyć jednej sprawy. Taki sposób oznakowania korespondencji pozwoli nam usprawnić obsługę Państwa wniosków. Dziękujemy za stosowanie się do powyższego.
A11: Wniosek o udzielenie wsparcia finansowego z Funduszu Dopłat w ramach realizacji przez
A12: Bank Gospodarstwa Krajowego rządowego programu budownictwa komunalnego
A13: zgodnie z przepisami ustawy z dnia 8 grudnia 2006 r. o finansowym wsparciu niektórych przedsięwzięć mieszkaniowych (t.j. Dz.U. 2024 poz. 304 z późn. zm.)
A15: I. Dane Wnioskodawcy
A16: A. | B16: Beneficjent wsparcia
A18: B. | B18: Nazwa | AM18: Nazwa wnioskodawcy powinna być zgodna z bazą REGON
A20: C. | B20: Adres wnioskodawcy [kod pocztowy, nazwa miejscowości, nazwa ulicy, numer porządkowy budynku, numer lokalu] zgodnie z nazwami miejscowości i ulicy w Rejestrze TERYT | AM20: Weryfikacji poprawności adresu można dokonać na stronie internetowej -> https://eteryt.stat.gov.pl/eTeryt/rejestr_teryt/udostepnianie_danych/baza_teryt/uzytkownicy_indywidualni/wyszukiwanie/wyszukiwanie.aspx?contrast=default
B22: Adres do doręczeń elektronicznych, o których mowa w ustawie z dnia 18 listopada 2020 r. o doręczeniach elektronicznych (Dz. U. z 2024 r. poz. 1045 i 1841). Adres do doręczeń można sprawdzić klikając w link. | AM22: Najczęściej zadawane pytania i odpowiedzi o e-Doręczeniach
A24: D. | B24: Numer identyfikacji podatkowej NIP | W24: Numer identyfikacyjny REGON | AM24: Numer NIP i numer REGON powinny być zgodne z bazą regon przypisaną do nazwy wnioskodacy
B26: Numer KRS - dla podmiotów innych niż gmina, powiat lub związek międzygminny | AM26: Numer KRS powinien być zgodny z bazą KRS dla wnioskodawcy
A28: E. | B28: Dane służbowe osoby bezpośrednio prowadzącej sprawę
B29: Imię i nazwisko/ nr telefonu
B31: Adres poczty elektronicznej
B33: Imię i nazwisko/ nr telefonu (opcjonalnie)
AM34: Wybierz nie dotyczy jeżeli, sprawę prowadzi jedna osoba
B35: Adres poczty elektronicznej (opcjonalnie)
AM36: Wybierz nie dotyczy jeżeli, sprawę prowadzi jedna osoba
A37: G. | B37: Numer rachunku bankowego lub rachunku prowadzonego przez spółdzielczą kasę oszczędnościowo-kredytową beneficjenta wsparcia, na który zostanie przekazane finansowe wsparcie.
T38: {=LEFT(B38,2)&" "&_xlfn.TEXTJOIN(" ",,MID(B38,{3,7,11,15,19,23},4))}
A39: II. | B39: Dane dotyczące realizowanego przedsięwzięcia
A40: A. | B40: Wnioskowana kwota finansowego wsparcia [zł]
B41: =T152 -> #DIV/0! | AM41: Kliknij "tutaj" i przejdź do wypełnienia zestawienia kosztów
A42: C. | B42: Przewidywana data rozpoczęcia realizacji przedsięwzięcia /Data rozpoczęcia realizacji przedsięwzięcia (dzień, miesiąc (słownie) i rok).
AM43: Data rozpoczęcia realizacji przedsięwzięcia nie może być późniejsza niż okres ważności pozwolenia na budowę
A44: D. | B44: Przewidywana data zakończenia realizacji przedsięwzięcia (dzień, miesiąc (słownie) i rok).
AM45: Data zakończenie realizacji nie może być dłuższa niż 36 miesiący od przewidywanej daty rozpoczęcia przedsięwzięcia
A46: E. | B46: Przewidywana struktura finansowania przedsięwzięcia, z podziałem na
B47: Wyszczególnienie | Z47: Ogółem (brutto) | AK47: Udział [%]
B48: Środki własne beneficjenta wsparcia | AK48: =ROUND(Z48/Z$51,5) -> #DIV/0! | AM48: Maksymalne finansowe wsparcie jest uzależnione od rodzaju przedsięwzięcia i wynosi dla budowy 80% lub 90% mieszkania dla powodzian
B49: Wsparcie finansowe na podstawie ustawy | Z49: =B$41 -> #DIV/0! | AK49: =ROUND(Z49/Z$51,5) -> #DIV/0! | AM49: oraz dodatkowo 5 %, w przypadku przedsięwzięć, w których nie mniej niż 5% lokali mieszkalnych przeznaczonych będzie dla rodzin wg ustawy o wsparciu kobiet i rodzin "za życiem" lub w przypadku przedsięwzięcia, o którym mowa w art. 15 ust. 1 pkt 5 lit. a ustawy o rewitalizacji
B50: Inne źródła | AK50: =ROUND(Z50/Z$51,5) -> #DIV/0!
B51: Łącznie | Z51: =SUM(Z48:AJ50) -> #DIV/0! | AK51: =SUM(AK48:AL50) -> #DIV/0! | AM51: Łącznie powinno zsumować się na kwalifikowany koszt przedsięwzięcia
A52: F. | B52: W przypadku przedsięwzięć realizowanych na podstawie art. 3 ust. 1 pkt 1, art. 4 ust. 1 pkt 1, art. 4a ust. 1 pkt 1, art. 5 ust. 1 pkt 1 i art. 5c ustawy, informacje o dokumentach potwierdzających prawo do prowadzenia robót budowlanych:
B53: 1) jeżeli planowany zakres robót wymaga pozwolenia na budowę lub zezwolenia na realizację inwestycji drogowej – informacje o organie, który wydał decyzję, dacie wydania decyzji i jej numerze, dacie ostateczności lub wykonalności decyzji oraz o danych podmiotu, na który została wydana decyzja
B54: Organ który wydał decyzję
B55: Data wydania decyzji
B56: Numer decyzji
B57: Data ostateczności lub wykonalności decyzji
B58: Dane podmiotu, na który została wydana decyzja [nazwa podmiotu, numer Regon]
B59: 2) jeżeli planowany zakres robót wymaga zgłoszenia, o którym mowa w art. 30 lub w art. 71 ust. 2 ustawy z dnia 7 lipca 1994 r. – Prawo budowlane (Dz. U. z 2025 r. poz. 418, 1080, 1535 i 1673) – informacje o dacie zgłoszenia, dacie i numerze zaświadczenia organu administracji architektoniczno-budowlanej o braku podstaw do wniesienia sprzeciwu, o którym mowa w art. 30 ust. 5aa i art. 71 ust. 4c ustawy z dnia 7 lipca 1994 r. – Prawo budowlane, albo zaświadczenia organu administracji architektoniczno-budowlanej o niewniesieniu w terminie sprzeciwu wobec zgłoszenia oraz informacja o organie, który to zaświadczenie wydał, oraz o danych podmiotu zgłaszającego.
B60: Data zgłoszenia
B61: Data i numer zaświadczenia organu administracji o braku podstaw do wniesienia sprzeciwu
B62: Data i numer zaświadczenia organu administracji architektoniczno-budowlanej o niewniesieniu w terminie sprzeciwu wobec zgłoszenia
B63: Organ który zaświadczenie wydał
B64: Dane podmiotu zgłaszającego [nazwa podmiotu zgłaszającego, numer Regon]
A65: G. | B65: W przypadku przedsięwzięć realizowanych na podstawie art. 3 ust. 1 pkt 1, art. 4 ust. 1 pkt 1, art. 4a ust. 1 pkt 1 i art. 5c ustawy, informacje o dacie rozpoczęcia przedsięwzięcia wynikającej z dziennika budowy i dacie ostatniego wpisu do dziennika budowy dokonanego przed złożeniem wniosku o finansowe wsparcie – jeżeli dla robót budowlanych wymagane jest prowadzenie dziennika budowy, a roboty budowlane zostały już rozpoczęte.
B66: Czy przedsięwzięcie rozpoczęte? [TAK/NIE] | AB66: NIE
B67: Czy prowadzenie dziennika budowy wymagane? [TAK/NIE] | AB67: TAK
B68: Data rozpoczęcia przedsięwzięcia wynikająca z dziennika budowy
B69: Data ostatniego wpisu do dziennika budowy dokonanego przed złożeniem wniosku
B70: Przepis art. 6aa ustawy z dnia 8 grudnia 2006 r. o finansowym wsparciu niektórych przedsięwzięć mieszkaniowych (Dz.U. 2024 poz. 304 z późn. zm.) stanowi, że w przypadku przedsięwzięć, o których mowa w art. 3 ust. 1 pkt 1 oraz w art. 5 ust. 1 pkt 1, finansowego wsparcia udziela się, jeżeli wartość wskaźnika rocznego zapotrzebowania na nieodnawialną energię pierwotną EP w budynku powstałym w ramach przedsięwzięcia nie przekracza 52 kWh/(m2·rok). W art. 8. ust. 1 ustawy z dnia 29 września 2022 r. o zmianie niektórych ustaw wspierających poprawę warunków mieszkaniowych (Dz.U. 2022 poz. 2456), zostały wprowadzone wyjątki od stosowania art. 6aa ww. ustawy, stanowiące że do przedsięwzięć, o których mowa w art. 3 ust. 1 pkt 1 oraz w art. 5 ust. 1 pkt 1 ustawy zmienianej w art. 5, dla których przed dniem 1 stycznia 2024 r.: 1) wszczęto co najmniej jedno postępowanie o zamówienie publiczne na prace projektowe albo na podstawie umowy rozpoczęto prace projektowe lub 2) została wydana decyzja o warunkach zabudowy i zagospodarowania terenu lub wszczęto postępowanie o jej wydanie, lub 3) inwestor złożył wniosek o wydanie pozwolenia na budowę albo posiada pozwolenie na budowę, lub 4) zostało dokonane zgłoszenie budowy lub innych robót budowlanych, w przypadku gdy nie jest wymagane uzyskanie pozwolenia na budowę – nie stosuje się przepisu art. 6aa ustawy zmienianej w art. 5.
B71: Wprowadź wartość wskaźnika rocznego zapotrzebowania na nieodnawialną energię pierwotną EP kWh/(m2·rok) dla realizowanego budynku - informacja dla każdego budynku, jeżeli wartości EP dla poszczególnych budynków są różne.
B72: Jeżeli wartość wskaźnika rocznego zapotrzebowania na nieodnawialną energię pierwotną EP kWh/(m2·rok) dla realizowanego budynku przekracza 52 kWh/(m2·rok), wybierz jedno z oświadczeń, potwierdzając rozpoczęcie jednej z czynności przed dniem 1 stycznia 2024 r.
A74: III. | B74: Rodzaj przedsięwzięcia (należy wskazać właściwe)
A75: A. Budowa budynku.
A77: IV. | B77: Rodzaj i wielkość zasobu powstającego lub zmodernizowanego w wyniku przedsięwzięcia
A78: A. Liczba lokali wchodzących w skład mieszkaniowego zasobu gminy, w tym liczba lokali, które zostaną utworzone i liczba lokali, które zostaną zmodernizowane. | AM78: Uwaga: rodzaj zasobu mieszkania treningowe i wspomagane są innym rodzajem zasobu niż lokale wchodzące w skład mieszkaniowego zasobu gminy i należy je wskazywać oddzielnie w pkt IV wniosku. Jeżeli wnioskujesz tylko o realizację rodzaju zasobu mieszkania treningowe lub wspomagane w sekcji IV.A. Liczba lokali wchodzących w skład mieszkaniowego zasobu gminy (…) wpisz 0, a w sekcji IV.B. Liczba mieszkań treningowych lub wspomaganych wprowadź właściwe wartości. Wprowadzenie w sekcji IV.A. Liczba lokali wchodzących w skład mieszkaniowego zasobu gminy (…) pomimo braku ich realizacji prowadzi do nieprawidłowości.
A79: =SUM(A81:AL81) -> 0
A80: w tym tworzone | T80: w tym zmodernizowane
T81: 0
A82: B. Liczba mieszkań wspomaganych. | T82: B. Liczba mieszkań treningowych.
A84: Łączna liczba powstającego zasobu składająca się z liczby lokali wchodzących w skład mieszkaniowego zasobu gminy oraz liczby mieszkań wspomaganych i treningowych. | AM84: Zweryfikuj czy łączna liczba zasobu jest zgodna z zamierzeniami inwestycyjnymi.
A85: =A79+A83+T83 -> 0
A86: K. Liczba lokali mieszkalnych realizowanych w ramach programu „Za życiem”.
A87: 0
A88: L. Liczba lokali mieszkalnych dla osób starszych, o których mowa w art. 5b ustawy.
A90: V. | B90: A. Charakterystyka przedsięwzięcia określonego w art. 3 ustawy
A91: A. W przypadku budowy budynku, remontu, przebudowy lub zmiany sposobu użytkowania budynku lub jego części:
A92: 1) adres/adresy nieruchomości - miejscowość, ulica, numer porządkowy budynku. W przypadku gdy miejscowość nie posiada nazwy ulicy prośba o wprowadzenie informacji o braku ulic w danej miejscowości. W przypadku gdy budynek nie mam nadanego numeru porządkowego budynku prośba o wprowadzenie informacji, że budynek nie mam nadanego numeru porządkowego budynku. W związku z brakiem numeru porządkowego budynku należy w ramach adresu wskazać numery działek ewidencyjnych na których budynek będzie realizowany oraz informację o oznaczeniu budynku wg dokumentacji budowlanej oraz informację o etapie w którym jest realizowany budynek. Dane należy wskazać dla wszystkich budynków objętych wnioskiem.
A93: miejscowość | I93: nazwa ulicy [wprowadź nazwę ulicy lub informację brak ulicy] | T93: numer porządkowy budynku [wprowadź numer porządkowy budynku lub informację braku tego numeru] | AE93: numer działki ewidencyjnej | AK93: oznaczenie budynku wg dokumentacji budowlanej oraz informacja o etapie w którym jest realizowany budynek
AM94: W przypadku większej ilości budynków wprowadź wszystkie adresy poprzez dodanie kolejnego wiersza. Stań kursorem na wierszu poniżej, kliknij prawym klawiszem myszki Wstaw. Następnie zaznacz wiersz z prawidłowym formatowaniem kliknij Malarz formatów i zaznacz kolumne którą będziesz formatował.
A95: 2) łączna powierzchnia użytkowa tworzonych w ramach przedsięwzięcia lokali wchodzących w skład mieszkaniowego zasobu gminy, mieszkań treningowych lub wspomaganych oraz tymczasowych pomieszczeń [m²] | AM95: Obliczona zgodnie z art. 2 ust. 2 ustawy z dnia 21 czerwca 2001 r. o ochronie praw lokatorów, mieszkaniowym zasobie gminy i o zmianie Kodeksu cywilnego (Dz. U. z 2023 r. poz. 725).
A97: 3) łączna powierzchnia użytkowa lokali znajdujących się lub powstających w budynku, nieobjętych finansowym wsparciem [m²] | AM97: Obliczona zgodnie z art. 2 ust. 2 ustawy z dnia 21 czerwca 2001 r. o ochronie praw lokatorów, mieszkaniowym zasobie gminy i o zmianie Kodeksu cywilnego (Dz. U. z 2023 r. poz. 725).
A99: 4) dodatkowa powierzchnia użytkowa przeznaczona na zaspokajanie potrzeb osób starszych nieobejmująca powierzchni użytkowej lokali mieszkalnych dla seniorów [m²]
AM100: Obliczona zgodnie z art. 2 ust. 2 ustawy z dnia 21 czerwca 2001 r. o ochronie praw lokatorów, mieszkaniowym zasobie gminy i o zmianie Kodeksu cywilnego (Dz. U. z 2023 r. poz. 725).
A101: VI. Dodatkowe informacje o przedsięwzięciu
A102: A. Informacja, czy przedsięwzięcie jest realizowane zgodnie z zasadami określonymi w art. 7 ustawy.
A103: Przedsięwzięcie jest realizowane zgodnie z zasadami określonymi w art. 7 ustawy. | AM103: Wybierz właściwą informację
A104: D. Informacja, czy w lokalach mieszkalnych pozyskanych przy udziale finansowego wsparcia na podstawie ustawy zostanie zainstalowane wyposażenie, o którym mowa w art. 6b ustawy (z wyłączeniem przedsięwzięć, o których mowa w art. 3 ust. 3 ustawy), ze wskazaniem przyczyny braku jego instalacji.
A105: W lokalach mieszkalnych pozyskanych przy udziale finansowego wsparcia na podstawie ustawy zostanie zainstalowane wyposażenie, o którym mowa w art. 6b ustawy. | AM105: Wybierz właściwą informację
A106: E. Informacja, czy przedsięwzięcie zostało zakończone przed dniem złożenia wniosku, o którym mowa w art. 8 ust. 1 ustawy (z wyłączeniem przedsięwzięć, o których mowa w art. 3 ust. 1 pkt 5 i 6 oraz art. 4a ust. 1 pkt 3 ustawy).
A107: Przedsięwzięcie nie zostało zakończone przed dniem złożenia wniosku, o którym mowa w art. 8 ust. 1 ustawy. | AM107: Wybierz właściwą informację
A108: ZB. W przypadku przedsięwzięć, o których mowa w art. 3 ust. 1 pkt 1, art. 4 ust. 1 pkt 1, art. 4a ust. 1 pkt 1 i art. 5 ust. 1 pkt 1 ustawy, informacje o:
A109: 1) numerze działek ewidencyjnych, na których będą budowane budynki wraz ze związanymi z nimi obiektami i urządzeniami w ramach przedsięwzięcia
A110: 2) liczbie budynków, przewidzianych do realizacji w ramach przedsięwzięcia
A111: 3) liczbie kondygnacji w budynkach przewidzianych w ramach przedsięwzięcia, w tym kondygnacji naziemnych i podziemnych (w przypadku różnej liczby kondygnacji, należy wskazać je dla każdego budynku osobno) | AA111: ilość kondygnacji nadziemnych
AA112: ilość kondygnacji poddziemnych
A113: 4) tym, czy w każdym budynku oraz każdej wydzielonej w pionie odrębnej części budynku zaprojektowano dźwig przystosowany do przewozu mebli, chorych na noszach i osób niepełnosprawnych (jeżeli nie w każdym – należy wskazać, w których budynkach zostały zaprojektowane i w jakiej liczbie)
A114: 5) łącznej liczbie realizowanych stanowisk postojowych lub garaży znajdujących się w budynkach mieszkalnych i wielopoziomowych, w tym przypadających na lokale mieszkalne objęte wnioskiem | AA114: realizowane
AA115: objęte wnioskiem
A116: 6) minimalnej liczbie stanowisk i garaży, o których mowa w pkt 5, wynikającej z ustaleń miejscowego planu zagospodarowania przestrzennego albo decyzji o warunkach zabudowy, w tym przypadających na lokale mieszkalne objęte wnioskiem. | AA116: realizowane
AA117: objęte wnioskiem
...

Sheet Wniosek art 3 remontlubprzebudo
A1: Proszę wypełnić niebieskie pola, brak wypełnienia niebieskich pól może spowodować wezwanie do uzupełnienia wniosku, co wydłuży okres rozpatrzenia wniosku.
A2: Żółte pola wypełnią się automatycznie.
AM3: Uwagi, komentarze przydatne przy wypełnianiu wniosku
H4: =TODAY() -> 46184
A5: miejscowość | H5: data wniosku
A7: Wybierz właściwe | G7: Nowy wniosek | Q7: Korekta wniosku
A8: Jeżeli składasz korektę wniosku wpisz numer pisma z wezwania do uzupełnienia | AM8: Wpisz nie dotyczy jeżeli skąłdasz nowy wniosek
A9: Szanowni Państwo, przesyłając nowy wniosek w tytule sprawy (w piśmie przewodnim lub technicznym przesyłanym poprzez ePUAP/e-doręczenia wraz z wnioskiem) proszę wpisywać treść „nowy wniosek”, a jeśli przesyłana jest korekta wniosku proszę wpisać „korekta wniosku dla sprawy numer (…)”. Numer sprawy to znak pisma – wezwania do uzupełnienia. Przesyłana korespondencja do banku poprzez ePUAP lub przez e-doręczenia powinna dotyczyć jednej sprawy. Taki sposób oznakowania korespondencji pozwoli nam usprawnić obsługę Państwa wniosków. Dziękujemy za stosowanie się do powyższego.
A11: Wniosek o udzielenie wsparcia finansowego z Funduszu Dopłat w ramach realizacji przez
A12: Bank Gospodarstwa Krajowego rządowego programu budownictwa komunalnego
A13: zgodnie z przepisami ustawy z dnia 8 grudnia 2006 r. o finansowym wsparciu niektórych przedsięwzięć mieszkaniowych (t.j. Dz.U. 2024 poz. 304 z późn. zm.)
A15: I. Dane Wnioskodawcy
A16: A. | B16: Beneficjent wsparcia
A18: B. | B18: Nazwa | AM18: Nazwa wnioskodawcy powinna być zgodna z bazą REGON
A20: C. | B20: Adres wnioskodawcy [kod pocztowy, nazwa miejscowości, nazwa ulicy, numer porządkowy budynku, numer lokalu] zgodnie z nazwami miejscowości i ulicy w Rejestrze TERYT | AM20: Weryfikacji poprawności adresu można dokonać na stronie internetowej -> https://eteryt.stat.gov.pl/eTeryt/rejestr_teryt/udostepnianie_danych/baza_teryt/uzytkownicy_indywidualni/wyszukiwanie/wyszukiwanie.aspx?contrast=default
B22: Adres do doręczeń elektronicznych, o których mowa w ustawie z dnia 18 listopada 2020 r. o doręczeniach elektronicznych (Dz. U. z 2024 r. poz. 1045 i 1841). Adres do doręczeń można sprawdzić klikając w link. | AM22: Najczęściej zadawane pytania i odpowiedzi o e-Doręczeniach
A24: D. | B24: Numer identyfikacji podatkowej NIP | W24: Numer identyfikacyjny REGON | AM24: Numer NIP i numer REGON powinny być zgodne z bazą regon przypisaną do nazwy wnioskodacy
B26: Numer KRS - dla podmiotów innych niż gmina, powiat lub związek międzygminny | AM26: Numer KRS powinien być zgodny z bazą KRS dla wnioskodawcy
A28: E. | B28: Dane służbowe osoby bezpośrednio prowadzącej sprawę
B29: Imię i nazwisko/ nr telefonu
B31: Adres poczty elektronicznej
AM32: Wybierz nie dotyczy jeżeli, sprawę prowadzi jedna osoba
B33: Imię i nazwisko/ nr telefonu (opcjonalnie)
AM34: Wybierz nie dotyczy jeżeli, sprawę prowadzi jedna osoba
B35: Adres poczty elektronicznej (opcjonalnie)
A37: G. | B37: Numer rachunku bankowego lub rachunku prowadzonego przez spółdzielczą kasę oszczędnościowo-kredytową beneficjenta wsparcia, na który zostanie przekazane finansowe wsparcie.
T38: {=LEFT(B38,2)&" "&_xlfn.TEXTJOIN(" ",,MID(B38,{3,7,11,15,19,23},4))}
A39: II. | B39: Dane dotyczące realizowanego przedsięwzięcia
A40: A. | B40: Wnioskowana kwota finansowego wsparcia [zł]
B41: =T174 -> 0 | AM41: Kliknij "tutaj" i przejdź do wypełnienia zestawienia kosztów
A42: C. | B42: Przewidywana data rozpoczęcia realizacji przedsięwzięcia /Data rozpoczęcia realizacji przedsięwzięcia (dzień, miesiąc (słownie) i rok).
A44: D. | B44: Przewidywana data zakończenia realizacji przedsięwzięcia, a w przypadku przedsięwzięcia obejmującego remont lub przebudowę części budynku w rozbiciu na poszczególne lokale mieszkalne (dzień, miesiąc (słownie) i rok) - data dla lokalu którego remont zakończy się jako ostatni.
AM45: Data zakończenie realizacji nie może być dłuższa niż 36 miesiący od przewidywanej daty rozpoczęcia przedsięwzięcia
A46: E. | B46: Przewidywana struktura finansowania przedsięwzięcia, z podziałem na
B47: Wyszczególnienie | Z47: Ogółem (brutto) | AK47: Udział [%] | AM47: Maksymalne finansowe wsparcie jest uzależnione od rodzaju przedsięwzięcia i wynosi 80% lub 90% mieszkania dla powodzian
B48: Środki własne beneficjenta wsparcia | AK48: =ROUND(Z48/Z$51,5) -> #DIV/0! | AM48: oraz dodatkowo 5 %, w przypadku przedsięwzięć, w których nie mniej niż 5 % lokali mieszkalnych przeznaczonych będzie dla rodzin wg ustawy o wsparciu kobiet i rodzin "za życiem" lub w przypadku przedsięwzięcia, o którym mowa w art. 15 ust. 1 pkt 5 lit. a ustawy o rewitalizacji
B49: Wsparcie finansowe na podstawie ustawy | Z49: =B$41 -> 0 | AK49: =ROUND(Z49/Z$51,5) -> #DIV/0!
B50: Inne źródła | AK50: =ROUND(Z50/Z$51,5) -> #DIV/0!
B51: Łącznie | Z51: =SUM(Z48:AJ50) -> 0 | AK51: =SUM(AK48:AL50) -> #DIV/0! | AM51: Łącznie powinno zsumować się na kwalifikowany koszt przedsięwzięcia
A52: III. | B52: Rodzaj przedsięwzięcia (należy wskazać właściwe)
A53: B. Remont budynku albo jego części | AM53: Uwaga: Zgodnie z art. 3 ust 3 ustawy finansowego wsparcia na remont lub przebudowę budynku mieszkalnego albo części takiego budynku udziela się, jeśli ten remont lub ta przebudowa nie dotyczy lokalu mieszkalnego zajmowanego przez lokatora na podstawie obowiązującej umowy najmu przy czym, zgodnie ze stanowiskiem Ministerstwa Rozwoju i Technologii, udostępnienie lokatorowi na czas remontu/przebudowy lokalu zamiennego w rozumieniu art. 10 ust 4 ustawy o ochronie praw lokatorów, mieszkaniowym zasobie gminy i zmianie Kodeksu cywilnego nie spełnia warunku art. 3 ust 3 ustawy.
A54: C. Przebudowa budynku albo jego części
A55: IV. | B55: Rodzaj i wielkość zasobu powstającego lub zmodernizowanego w wyniku przedsięwzięcia
A56: A. Liczba lokali wchodzących w skład mieszkaniowego zasobu gminy, w tym liczba lokali, które zostaną utworzone i liczba lokali, które zostaną zmodernizowane. | AM56: Uwaga: rodzaj zasobu mieszkania treningowe i wspomagane są innym rodzajem zasobu niż lokale wchodzące w skład mieszkaniowego zasobu gminy i należy je wskazywać oddzielnie w pkt IV wniosku. Jeżeli wnioskujesz tylko o realizację rodzaju zasobu mieszkania treningowe lub wspomagane w sekcji IV.A. Liczba lokali wchodzących w skład mieszkaniowego zasobu gminy (…) wpisz 0, a w sekcji IV.B. Liczba mieszkań treningowych lub wspomaganych wprowadź właściwe wartości. Wprowadzenie w sekcji IV.A. Liczba lokali wchodzących w skład mieszkaniowego zasobu gminy (…) pomimo braku ich realizacji prowadzi do nieprawidłowości.
A57: =A59+T59 -> 0
A58: w tym tworzone | T58: w tym zmodernizowane
A60: B. Liczba mieszkań wspomaganych. | T60: B. Liczba mieszkań treningowych.
A62: Łączna liczba powstającego zasobu składająca się z liczby lokali wchodzących w skład mieszkaniowego zasobu gminy oraz liczby mieszkań wspomaganych i treningowych. | AM62: Zweryfikuj czy łączna liczba zasobu jest zgodna z zamierzeniami inwestycyjnymi.
A63: =A57+A61+T61 -> 0
A64: K. Liczba lokali mieszkalnych realizowanych w ramach programu „Za życiem”.
A66: L. Liczba lokali mieszkalnych dla osób starszych, o których mowa w art. 5b ustawy.
A68: V. | B68: A. Charakterystyka przedsięwzięcia określonego w art. 3 ustawy | AM68: Jeżeli przedsięwzięcie obejmuje remont lub przebudowę części kilku budynków – dane należy uzupełnić o adres każdego z budynków oraz powierzchnię użytkową w rozbiciu na poszczególne lokale mieszkalne znajdujące się w budynkach objętych wnioskiem, w ujęciu tabelarycznym.
A69: A. W przypadku budowy budynku, remontu, przebudowy lub zmiany sposobu użytkowania budynku lub jego części:
A70: Lp. | B70: Adres [ Miejscowość, ulica, nr porządkowy budynku, numer lokalu] | K70: Przewidywana data zakończenia realizacji przedsięwzięcia dla danego lokalu mieszkalnego zgodnie z pkt II.D | Q70: Łączna powierzchnia użytkowa tworzonych w ramach przedsięwzięcia lokali wchodzących w skład mieszkaniowego zasobu gminy, mieszkań treningowych lub wspomaganych oraz tymczasowych pomieszczeń [m²] | AB70: powierzchnia użytkowa lokali znajdujących się lub powstających w budynku, nieobjętych finansowym wsparciem [m²] | AK70: Dodatkowa powierzchnia użytkowa przeznaczona na zaspokajanie potrzeb osób starszych nieobejmująca powierzchni użytkowej lokali mieszkalnych dla seniorów [m²]
A71: 1 | AM71: W przypadku wiekszej ilości budynków wprowadź wszystkie adresy
A72: 2
A73: 3
A74: 4
A75: 5
A76: 6
A77: 7
A78: 8
A79: 9
A80: 10
A81: 11
A82: 12
A83: 13
... A106: 36
A107: 37 | B107: Podsumowanie | K107: nie dotyczy | Q107: =SUM(Q71:AA106) -> 0 | AB107: =SUM(AB71:AJ106) -> 0 | AK107: =SUM(AK71:AL106) -> 0
A108: VI. Dodatkowe informacje o przedsięwzięciu
A109: A. Informacja, czy przedsięwzięcie jest realizowane zgodnie z zasadami określonymi w art. 7 ustawy.
A110: Przedsięwzięcie jest realizowane zgodnie z zasadami określonymi w art. 7 ustawy.
A111: D. Informacja, czy w lokalach mieszkalnych pozyskanych przy udziale finansowego wsparcia na podstawie ustawy zostanie zainstalowane wyposażenie, o którym mowa w art. 6b ustawy (z wyłączeniem przedsięwzięć, o których mowa w art. 3 ust. 3 ustawy), ze wskazaniem przyczyny braku jego instalacji.
A112: W lokalach mieszkalnych pozyskanych przy udziale finansowego wsparcia na podstawie ustawy zostanie zainstalowane wyposażenie, o którym mowa w art. 6b ustawy.
A113: --------------------------------
A114: E. Informacja, czy przedsięwzięcie zostało zakończone przed dniem złożenia wniosku, o którym mowa w art. 8 ust. 1 ustawy (z wyłączeniem przedsięwzięć, o których mowa w art. 3 ust. 1 pkt 5 i 6 oraz art. 4a ust. 1 pkt 3 ustawy).
A115: Przedsięwzięcie nie zostało zakończone przed dniem złożenia wniosku, o którym mowa w art. 8 ust. 1 ustawy.
A116: G. Informacja o sposobie wyodrębnienia kosztów przedsięwzięcia, o których mowa w art. 14 ust. 1 ustawy, które nie podlegają sfinansowaniu w ramach danego wniosku, lub też kosztów innych niż te, o których mowa w art. 14 ust. 1 ustawy.
A118: Wskaźnik (I.) powierzchniowy, zgodny z art. 15 ww. ustawy należy zastosować - jeżeli w budynku lub części budynku, w których w wyniku realizacji przedsięwzięcia powstaną lokale mieszkalne, znajdują się lub powstaną również lokale nieobjęte finansowym wsparciem, koszty, o których mowa w art. 14 ust. 1 pkt 1 i 2 ww. ustawy, których nie można wyodrębnić jako kosztów poniesionych wyłącznie na realizację przedsięwzięcia, zalicza się do kosztów przedsięwzięcia w części odpowiadającej udziałowi powierzchni użytkowej lokali mieszkalnych, w powierzchni stanowiącej sumę powierzchni użytkowej lokali, oraz powierzchni użytkowej lokali nieobjętych finansowym wsparciem. Wartość wskaźnika równa się (liczbie wskazanej w pkt V.A.A.2/(liczbie wskazanej w pkt V.A.A.2+liczbie wskazanej w pkt V.A.A.3)). | AJ118: =IF(A117=Słowniki!C$50,ROUNDDOWN(Q107/(Q107+AB107),4),100%) -> 1
A119: Jeżeli zastosowany ww. wskaźniki kosztowy I. nie jest wystarczający, żeby wyodrębnić wszystkie koszty niekwalifikowane opisz poniżej szczegółowo informację o sposobie wyodrębnienia tych kosztów przedsięwzięcia, o których mowa w art. 14 ust. 1 ustawy, które nie podlegają sfinansowaniu w ramach danego wniosku. Koszty te rodzajowo należy wyodrębnić w pozycji w pkt VI.F. oraz wpisać dla tych pozycji wskaźnik II. kosztowy.
A121: F. Informacja o planowanych kosztach przedsięwzięcia, o których mowa w art. 14 ust. 1 ustawy, z uwzględnieniem wartości netto i brutto oraz ze wskazaniem wysokości przyjętej stawki podatku od towarów i usług, dokumentów, na podstawie których te koszty określono (w przypadku przedsięwzięcia obejmującego remont lub przebudowę części kilku budynków w rozbiciu na poszczególne lokale mieszkalne znajdujące się w budynkach objętych wnioskiem ze wskazaniem ich adresu), a także jeżeli przedsięwzięcie obejmuje zakup, montaż lub budowę instalacji odnawialnego źródła energii, o której mowa w art. 2 pkt 13 lit. a ustawy z dnia 20 lutego 2015 r. o odnawialnych źródłach energii (Dz. U. z 2024 r. poz. 1361, z późn. zm. )), z wyłączeniem magazynu biogazu rolniczego, przyłączonej do sieci dystrybucyjnej za pośrednictwem wewnętrznej instalacji, wskazanie kosztów zakupu, montażu lub budowy tej instalacji.
A122: Lp. | B122: Wyszczególnienie rodzaju kwalifikowanego kosztu | G122: Dokumenty, na podstawie których określono koszt | L122: Adres lokalu | P122: Kwota netto [zł] | W122: Stawka Vat | AA122: Kwota brutto [zł] | AH122: Wskaźnik kosztów kwalifikowanych <0,00-100,00%> | AK122: Kwota kosztów kwalifikowanych [zł] | AM122: Uwaga: Jeżeli dana pozycja kosztów nie ma zastosowania dla Twojego przedsięwzięcia możesz edytować zakres tabeli w kolumnach dotyczących wyszczególnienia rodzaju kosztów, stawek VAT dostosowując zestawienie kosztów do zakresu rzeczowego realizowanego przedsięwzięcia i kosztów w nim występujących. W przypadku gdy zakres rzeczowy przedsięwzięcia nie uwzględnia danych kosztów i nie masz potrzeby edycji zakresu tabeli w wierszach dotyczących kwoty netto oraz wskaźniku kosztów kwalifikowanych wprowadź zero. Jeżeli w zaproponowanym zestawieniu kosztów nie jesteś w stanie odzwierciedlić indywidualnego wyszczególnienia kosztów sporządź je w własnym zakresie, a w niniejszym zestawieniu wprowadź wartości zagregowanych kosztów.
A123: 1 | B123: 2 | G123: 3 | L123: 4 | P123: 5 | W123: 6 | AA123: 5+5*6=7 | AH123: 8 | AK123: 7*8=9
A124: 1 | W124: =IF(OR(B124=Słowniki!A$46,B124=Słowniki!A$56,B124=Słowniki!A$58,B124=Słowniki!A$59),0.08,0.23) -> 0.23 | AA124: =P124+ROUNDDOWN(P124*W124,2) -> 0 | AH124: =AJ$118 -> 1 | AK124: =ROUND(AA124*AH124,2) -> 0
A125: 2 | W125: =IF(OR(B125=Słowniki!A$46,B125=Słowniki!A$56,B125=Słowniki!A$58,B125=Słowniki!A$59),0.08,0.23) -> 0.23 | AA125: =P125+ROUNDDOWN(P125*W125,2) -> 0 | AH125: =AJ$118 -> 1 | AK125: =ROUND(AA125*AH125,2) -> 0
A126: 3 | W126: =IF(OR(B126=Słowniki!A$46,B126=Słowniki!A$56,B126=Słowniki!A$58,B126=Słowniki!A$59),0.08,0.23) -> 0.23 | AA126: =P126+ROUNDDOWN(P126*W126,2) -> 0 | AH126: =AJ$118 -> 1 | AK126: =ROUND(AA126*AH126,2) -> 0
A127: 4 | W127: =IF(OR(B127=Słowniki!A$46,B127=Słowniki!A$56,B127=Słowniki!A$58,B127=Słowniki!A$59),0.08,0.23) -> 0.23 | AA127: =P127+ROUNDDOWN(P127*W127,2) -> 0 | AH127: =AJ$118 -> 1 | AK127: =ROUND(AA127*AH127,2) -> 0
A128: 5 | W128: =IF(OR(B128=Słowniki!A$46,B128=Słowniki!A$56,B128=Słowniki!A$58,B128=Słowniki!A$59),0.08,0.23) -> 0.23 | AA128: =P128+ROUNDDOWN(P128*W128,2) -> 0 | AH128: =AJ$118 -> 1 | AK128: =ROUND(AA128*AH128,2) -> 0
A129: 6 | W129: =IF(OR(B129=Słowniki!A$46,B129=Słowniki!A$56,B129=Słowniki!A$58,B129=Słowniki!A$59),0.08,0.23) -> 0.23 | AA129: =P129+ROUNDDOWN(P129*W129,2) -> 0 | AH129: =AJ$118 -> 1 | AK129: =ROUND(AA129*AH129,2) -> 0
A130: 7 | W130: =IF(OR(B130=Słowniki!A$46,B130=Słowniki!A$56,B130=Słowniki!A$58,B130=Słowniki!A$59),0.08,0.23) -> 0.23 | AA130: =P130+ROUNDDOWN(P130*W130,2) -> 0 | AH130: =AJ$118 -> 1 | AK130: =ROUND(AA130*AH130,2) -> 0
A131: 8 | W131: =IF(OR(B131=Słowniki!A$46,B131=Słowniki!A$56,B131=Słowniki!A$58,B131=Słowniki!A$59),0.08,0.23) -> 0.23 | AA131: =P131+ROUNDDOWN(P131*W131,2) -> 0 | AH131: =AJ$118 -> 1 | AK131: =ROUND(AA131*AH131,2) -> 0
A132: 9 | W132: =IF(OR(B132=Słowniki!A$46,B132=Słowniki!A$56,B132=Słowniki!A$58,B132=Słowniki!A$59),0.08,0.23) -> 0.23 | AA132: =P132+ROUNDDOWN(P132*W132,2) -> 0 | AH132: =AJ$118 -> 1 | AK132: =ROUND(AA132*AH132,2) -> 0
A133: 10 | W133: =IF(OR(B133=Słowniki!A$46,B133=Słowniki!A$56,B133=Słowniki!A$58,B133=Słowniki!A$59),0.08,0.23) -> 0.23 | AA133: =P133+ROUNDDOWN(P133*W133,2) -> 0 | AH133: =AJ$118 -> 1 | AK133: =ROUND(AA133*AH133,2) -> 0
A134: 11 | W134: =IF(OR(B134=Słowniki!A$46,B134=Słowniki!A$56,B134=Słowniki!A$58,B134=Słowniki!A$59),0.08,0.23) -> 0.23 | AA134: =P134+ROUNDDOWN(P134*W134,2) -> 0 | AH134: =AJ$118 -> 1 | AK134: =ROUND(AA134*AH134,2) -> 0
A135: 12 | W135: =IF(OR(B135=Słowniki!A$46,B135=Słowniki!A$56,B135=Słowniki!A$58,B135=Słowniki!A$59),0.08,0.23) -> 0.23 | AA135: =P135+ROUNDDOWN(P135*W135,2) -> 0 | AH135: =AJ$118 -> 1 | AK135: =ROUND(AA135*AH135,2) -> 0
... A169: 46 | W169: =IF(OR(B169=Słowniki!A$46,B169=Słowniki!A$56,B169=Słowniki!A$58,B169=Słowniki!A$59),0.08,0.23) -> 0.23 | AA169: =P169+ROUNDDOWN(P169*W169,2) -> 0 | AH169: =AJ$118 -> 1 | AK169: =ROUND(AA169*AH169,2) -> 0
A170: 47 | B170: Razem | P170: =SUM(P124:V169) -> 0 | W170: n/d | AA170: =SUM(AA124:AG169) -> 0 | AH170: n/d | AK170: =ROUND(SUM(AK124:AL169),2) -> 0
A171: Informuję, że wszystkie wymienione powyżej koszty są kosztami kwalifikowanymi w rozumieniu art. 14 ust. 1 ustawy o finansowym wsparciu niektórych przedsięwzięć mieszkaniowych. W kosztach kwalifikowanych nie zostały ujęte w szczególności: koszty związane z lokalami niemieszkalnymi, drogami publicznymi, siecią wodociągową, siecią kanalizacji sanitarnej, deszczowej, ogólnospławnej, siecią gazową, siecią energetyczną, siecią cieplną, siecią telekomunikacyjną (w zakresie wykraczającym poza koszty wykonania niezbędnego uzbrojenia terenu na działce, działkach, na których realizowane jest przedsięwzięcie), koszty sporządzenia operatu szacunkowego, koszty wyposażenia lokali niewymienione w art. 6b ww. ustawy oraz inne koszty nie ujęte w art.14 ww. ustawy.
B172: Wysokość finansowego wsparcia [%] | T172: 0.8
B173: Podwyższenie finansowego wsparcia | AM173: Wróć do wypełniania wniosku
...

Sheet Wniosek inne 
A1: Proszę wypełnić niebieskie pola, brak wypełnienia niebieskich pól może spowodować wezwanie do uzupełnienia wniosku, co wydłuży okres rozpatrzenia wniosku.
A2: Żółte pola wypełnią się automatycznie.
AM3: Uwagi, komentarze przydatne przy wypełnianiu wniosku
H4: =TODAY() -> 46184
A5: miejscowość | H5: data wniosku
A7: Wybierz właściwe | G7: Nowy wniosek | Q7: Korekta wniosku
A8: Jeżeli składasz korektę wniosku wpisz numer pisma z wezwania do uzupełnienia | AM8: Wpisz nie dotyczy jeżeli skąłdasz nowy wniosek
A9: Szanowni Państwo, przesyłając nowy wniosek w tytule sprawy (w piśmie przewodnim lub technicznym przesyłanym poprzez ePUAP/e-doręczenia wraz z wnioskiem) proszę wpisywać treść „nowy wniosek”, a jeśli przesyłana jest korekta wniosku proszę wpisać „korekta wniosku dla sprawy numer (…)”. Numer sprawy to znak pisma – wezwania do uzupełnienia. Przesyłana korespondencja do banku poprzez ePUAP lub przez e-doręczenia powinna dotyczyć jednej sprawy. Taki sposób oznakowania korespondencji pozwoli nam usprawnić obsługę Państwa wniosków. Dziękujemy za stosowanie się do powyższego.
A11: Wniosek o udzielenie wsparcia finansowego z Funduszu Dopłat w ramach realizacji przez
A12: Bank Gospodarstwa Krajowego rządowego programu budownictwa komunalnego
A13: zgodnie z przepisami ustawy z dnia 8 grudnia 2006 r. o finansowym wsparciu niektórych przedsięwzięć mieszkaniowych (t.j. Dz.U. 2024 poz. 304 z późn. zm.)
A15: I. Dane Wnioskodawcy
A16: A. | B16: Beneficjent wsparcia
A18: B. | B18: Nazwa | AM18: Nazwa wnioskodawcy powinna być zgodna z bazą REGON
A20: C. | B20: Adres wnioskodawcy [kod pocztowy, nazwa miejscowości, nazwa ulicy, numer porządkowy budynku, numer lokalu] zgodnie z nazwami miejscowości i ulicy w Rejestrze TERYT | AM20: Weryfikacji poprawności adresu można dokonać na stronie internetowej -> https://eteryt.stat.gov.pl/eTeryt/rejestr_teryt/udostepnianie_danych/baza_teryt/uzytkownicy_indywidualni/wyszukiwanie/wyszukiwanie.aspx?contrast=default
B22: Adres do doręczeń elektronicznych, o których mowa w ustawie z dnia 18 listopada 2020 r. o doręczeniach elektronicznych (Dz. U. z 2024 r. poz. 1045 i 1841). Adres do doręczeń można sprawdzić klikając w link. | AM22: Najczęściej zadawane pytania i odpowiedzi o e-Doręczeniach
A24: D. | B24: Numer identyfikacji podatkowej NIP | W24: Numer identyfikacyjny REGON | AM24: Numer NIP i numer REGON powinny być zgodne z bazą regon przypisaną do nazwy wnioskodacy
B26: Numer KRS - dla podmiotów innych niż gmina, powiat lub związek międzygminny | AM26: Numer KRS powinien być zgodny z bazą KRS dla wnioskodawcy
A28: E. | B28: Dane służbowe osoby bezpośrednio prowadzącej sprawę
B29: Imię i nazwisko/ nr telefonu
B31: Adres poczty elektronicznej
AM32: Wybierz nie dotyczy jeżeli, sprawę prowadzi jedna osoba
B33: Imię i nazwisko/ nr telefonu (opcjonalnie)
AM34: Wybierz nie dotyczy jeżeli, sprawę prowadzi jedna osoba
B35: Adres poczty elektronicznej (opcjonalnie)
A37: G. | B37: Numer rachunku bankowego lub rachunku prowadzonego przez spółdzielczą kasę oszczędnościowo-kredytową beneficjenta wsparcia, na który zostanie przekazane finansowe wsparcie.
T38: {=LEFT(B38,2)&" "&_xlfn.TEXTJOIN(" ",,MID(B38,{3,7,11,15,19,23},4))}
A39: II. | B39: Dane dotyczące realizowanego przedsięwzięcia
A40: A. | B40: Wnioskowana kwota finansowego wsparcia [zł]
B41: =T125 -> #DIV/0! | AM41: Kliknij "tutaj" i przejdź do wypełnienia zestawienia kosztów
A42: C. | B42: Przewidywana data rozpoczęcia realizacji przedsięwzięcia /Data rozpoczęcia realizacji przedsięwzięcia (dzień, miesiąc (słownie) i rok).
AM43: Data rozpoczęcia realizacji przedsięwzięcia nie może być późniejsza niż okres ważności pozwolenia na budowę
A44: D. | B44: Przewidywana data zakończenia realizacji przedsięwzięcia (dzień, miesiąc (słownie) i rok).
AM45: Data zakończenie realizacji nie może być dłuższa niż 36 miesiący od przewidywanej daty rozpoczęcia przedsięwzięcia
A46: E. | B46: Przewidywana struktura finansowania przedsięwzięcia, z podziałem na
B47: Wyszczególnienie | Z47: Ogółem (brutto) | AK47: Udział [%]
B48: Środki własne beneficjenta wsparcia | AK48: =ROUND(Z48/Z$51,5) -> #DIV/0! | AM48: Maksymalne finansowe wsparcie jest uzależnione od rodzaju przedsięwzięcia i wynosi dla budowy 80% lub 90% mieszkania dla powodzian
B49: Wsparcie finansowe na podstawie ustawy | Z49: =B$41 -> #DIV/0! | AK49: =ROUND(Z49/Z$51,5) -> #DIV/0! | AM49: oraz dodatkowo 5 %, w przypadku przedsięwzięć, w których nie mniej niż 5% lokali mieszkalnych przeznaczonych będzie dla rodzin wg ustawy o wsparciu kobiet i rodzin "za życiem" lub w przypadku przedsięwzięcia, o którym mowa w art. 15 ust. 1 pkt 5 lit. a ustawy o rewitalizacji
B50: Inne źródła | AK50: =ROUND(Z50/Z$51,5) -> #DIV/0!
B51: Łącznie | Z51: =SUM(Z48:AJ50) -> #DIV/0! | AK51: =SUM(AK48:AL50) -> #DIV/0! | AM51: Łącznie powinno zsumować się na kwalifikowany koszt przedsięwzięcia
A52: K. | B52: W przypadku, o którym mowa w art. 13 ust. 5 ustawy, informacja o wpisie budynku lub obszaru, na którym się on znajduje, do rejestru zabytków, w tym o dacie wydania decyzji, dacie prawomocności, numerze decyzji i organie, który wydał decyzję.
B53: Informacja o wpisie budynku lub obszaru, na którym się znajduje
B54: Organ który wydał decyzję
B55: Data wydania decyzji
B56: Numer decyzji
B57: Data prawomocności decyzji
A58: III. | B58: Rodzaj przedsięwzięcia (należy wskazać właściwe)
A59: B. Remont budynku albo jego części
A61: IV. | B61: Rodzaj i wielkość zasobu powstającego lub zmodernizowanego w wyniku przedsięwzięcia
A62: A. Liczba lokali wchodzących w skład mieszkaniowego zasobu gminy, w tym liczba lokali, które zostaną utworzone i liczba lokali, które zostaną zmodernizowane. | AM62: Uwaga: rodzaj zasobu mieszkania treningowe i wspomagane są innym rodzajem zasobu niż lokale wchodzące w skład mieszkaniowego zasobu gminy i należy je wskazywać oddzielnie w pkt IV wniosku. Jeżeli wnioskujesz tylko o realizację rodzaju zasobu mieszkania treningowe lub wspomagane w sekcji IV.A. Liczba lokali wchodzących w skład mieszkaniowego zasobu gminy (…) wpisz 0, a w sekcji IV.B. Liczba mieszkań treningowych lub wspomaganych wprowadź właściwe wartości. Wprowadzenie w sekcji IV.A. Liczba lokali wchodzących w skład mieszkaniowego zasobu gminy (…) pomimo braku ich realizacji prowadzi do nieprawidłowości.
A63: =SUM(A65+T65) -> 0
A64: w tym tworzone | T64: w tym zmodernizowane
A66: B. Liczba mieszkań wspomaganych. | T66: B. Liczba mieszkań treningowych.
A68: Łączna liczba powstającego zasobu składająca się z liczby lokali wchodzących w skład mieszkaniowego zasobu gminy oraz liczby mieszkań wspomaganych i treningowych. | AM68: Zweryfikuj czy łączna liczba zasobu jest zgodna z zamierzeniami inwestycyjnymi.
A69: =A63+A67+T67 -> 0
A70: J. Liczba lokali mieszkalnych realizowanych w ramach programu „Za życiem”.
A72: K. Liczba lokali mieszkalnych dla osób starszych, o których mowa w art. 5b ustawy.
A74: V. | B74: A. Charakterystyka przedsięwzięcia określonego w art. 3 ustawy
A75: A. W przypadku budowy budynku, remontu, przebudowy lub zmiany sposobu użytkowania budynku lub jego części:
A76: 1) adres/adresy nieruchomości
AM77: W przypadku wiekszej ilości budynków wprowadź wszystkie adresy
A78: 2) łączna powierzchnia użytkowa tworzonych w ramach przedsięwzięcia lokali wchodzących w skład mieszkaniowego zasobu gminy, mieszkań treningowych lub wspomaganych oraz tymczasowych pomieszczeń [m²] | AM78: Obliczona zgodnie z art. 2 ust. 2 ustawy z dnia 21 czerwca 2001 r. o ochronie praw lokatorów, mieszkaniowym zasobie gminy i o zmianie Kodeksu cywilnego (Dz. U. z 2023 r. poz. 725).
A80: 3) łączna powierzchnia użytkowa lokali znajdujących się lub powstających w budynku, nieobjętych finansowym wsparciem [m²] | AM80: Obliczona zgodnie z art. 2 ust. 2 ustawy z dnia 21 czerwca 2001 r. o ochronie praw lokatorów, mieszkaniowym zasobie gminy i o zmianie Kodeksu cywilnego (Dz. U. z 2023 r. poz. 725).
A82: 4) dodatkowa powierzchnia użytkowa przeznaczona na zaspokajanie potrzeb osób starszych nieobejmująca powierzchni użytkowej lokali mieszkalnych dla seniorów [m²]
AM83: Obliczona zgodnie z art. 2 ust. 2 ustawy z dnia 21 czerwca 2001 r. o ochronie praw lokatorów, mieszkaniowym zasobie gminy i o zmianie Kodeksu cywilnego (Dz. U. z 2023 r. poz. 725).
A84: VI. Dodatkowe informacje o przedsięwzięciu
A85: A. Informacja, czy przedsięwzięcie jest realizowane zgodnie z zasadami określonymi w art. 7 ustawy.
A86: Przedsięwzięcie jest realizowane zgodnie z zasadami określonymi w art. 7 ustawy.
A87: D. Informacja, czy w lokalach mieszkalnych pozyskanych przy udziale finansowego wsparcia na podstawie ustawy zostanie zainstalowane wyposażenie, o którym mowa w art. 6b ustawy (z wyłączeniem przedsięwzięć, o których mowa w art. 3 ust. 2-3 ustawy), ze wskazaniem przyczyny braku jego instalacji. | AM87: Z wyłączeniem przedsięwzięć, o których mowa w art. 3 ust. 2-3 ustawy
A88: W lokalach mieszkalnych pozyskanych przy udziale finansowego wsparcia na podstawie ustawy zostanie zainstalowane wyposażenie, o którym mowa w art. 6b ustawy. | AM88: =IF(A$88=Słowniki!P1,"Po wydrukowaniu należy przystawić imienną pieczęć i podpisać oświadczenie","")
A89: --------------------------------------
A90: E. Informacja, czy przedsięwzięcie zostało zakończone przed dniem złożenia wniosku, o którym mowa w art. 8 ust. 1 ustawy (z wyłączeniem przedsięwzięć, o których mowa w art. 3 ust. 1 pkt 5 i 6 oraz art. 4a ust. 1 pkt 3 ustawy).
A91: Przedsięwzięcie nie zostało zakończone przed dniem złożenia wniosku, o którym mowa w art. 8 ust. 1 ustawy.
A92: G. Informacja o sposobie wyodrębnienia kosztów przedsięwzięcia, o których mowa w art. 14 ust. 1 ustawy, które nie podlegają sfinansowaniu w ramach danego wniosku, lub też kosztów innych niż te, o których mowa w art. 14 ust. 1 ustawy.
A93: Wskaźnik (I.) powierzchniowy, zgodny z art. 15 ww. ustawy należy zastosować - jeżeli w budynku lub części budynku, w których w wyniku realizacji przedsięwzięcia powstaną lokale mieszkalne, znajdują się lub powstaną również lokale nieobjęte finansowym wsparciem, koszty, o których mowa w art. 14 ust. 1 pkt 1 i 2 ww. ustawy, których nie można wyodrębnić jako kosztów poniesionych wyłącznie na realizację przedsięwzięcia, zalicza się do kosztów przedsięwzięcia w części odpowiadającej udziałowi powierzchni użytkowej lokali mieszkalnych, w powierzchni stanowiącej sumę powierzchni użytkowej lokali, oraz powierzchni użytkowej lokali nieobjętych finansowym wsparciem. Wartość wskaźnika równa się (liczbie wskazanej w pkt V.A.A.2/(liczbie wskazanej w pkt V.A.A.2+liczbie wskazanej w pkt V.A.A.3)). | AJ93: =ROUNDDOWN(A79/(A79+A81),4) -> #DIV/0!
A94: Jeżeli zastosowany ww. wskaźniki kosztowy I. nie jest wystarczający, żeby wyodrębnić wszystkie koszty niekwalifikowane opisz poniżej szczegółowo informację o sposobie wyodrębnienia tych kosztów przedsięwzięcia, o których mowa w art. 14 ust. 1 ustawy, które nie podlegają sfinansowaniu w ramach danego wniosku. Koszty te rodzajowo należy wyodrębnić w pozycji w pkt VI.F. oraz wpisać dla tych pozycji wskaźnik II. kosztowy.
A96: F. Informacja o planowanych kosztach przedsięwzięcia, o których mowa w art. 14 ust. 1 ustawy, z uwzględnieniem wartości netto i brutto oraz ze wskazaniem wysokości przyjętej stawki podatku od towarów i usług, dokumentów, na podstawie których te koszty określono (w przypadku przedsięwzięcia obejmującego remont lub przebudowę części kilku budynków w rozbiciu na poszczególne lokale mieszkalne znajdujące się w budynkach objętych wnioskiem ze wskazaniem ich adresu), a także jeżeli przedsięwzięcie obejmuje zakup, montaż lub budowę instalacji odnawialnego źródła energii, o której mowa w art. 2 pkt 13 lit. a ustawy z dnia 20 lutego 2015 r. o odnawialnych źródłach energii (Dz. U. z 2024 r. poz. 1361, z późn. zm. )), z wyłączeniem magazynu biogazu rolniczego, przyłączonej do sieci dystrybucyjnej za pośrednictwem wewnętrznej instalacji, wskazanie kosztów zakupu, montażu lub budowy tej instalacji.
A97: Lp. | B97: Wyszczególnienie rodzaju kwalifikowanego kosztu | G97: Dokumenty, na podstawie których określono koszt | L97: Kwota netto [zł] | P97: Stawka Vat | T97: VAT niepodlegający odliczeniu [%] | AA97: Kwota z VAT niepodlegajaca odliczeniu [zł] | AH97: Wskaźnik kosztów kwalifikowanych <0,00-100,00%> | AK97: Kwota kosztów kwalifikowanych [zł] | AM97: Uwaga: Jeżeli dana pozycja kosztów nie ma zastosowania dla Twojego przedsięwzięcia możesz edytować zakres tabeli w kolumnach dotyczących wyszczególnienia rodzaju kosztów, stawek VAT dostosowując zestawienie kosztów do zakresu rzeczowego realizowanego przedsięwzięcia i kosztów w nim występujących. W przypadku gdy zakres rzeczowy przedsięwzięcia nie uwzględnia danych kosztów i nie masz potrzeby edycji zakresu tabeli w wierszach dotyczących kwoty netto oraz wskaźniku kosztów kwalifikowanych wprowadź zero. Jeżeli w zaproponowanym zestawieniu kosztów nie jesteś w stanie odzwierciedlić indywidualnego wyszczególnienia kosztów sporządź je w własnym zakresie, a w niniejszym zestawieniu wprowadź wartości zagregowanych kosztów.
A98: 1 | B98: 2 | G98: 3 | L98: 4 | P98: 5 | T98: 6 | AA98: 4+4*5*6=7 | AH98: 8 | AK98: 7*8=9
A99: 1 | P99: =IF(OR(B99=Słowniki!A$46,B99=Słowniki!A$56,B99=Słowniki!A$58,B99=Słowniki!A$59),0.08,0.23) -> 0.23 | T99: 1 | AA99: =L99+ROUND(L99*P99*T99,2) -> 0 | AH99: =AJ$93 -> #DIV/0! | AK99: =ROUND(AA99*AH99,2) -> #DIV/0!
A100: 2 | P100: =IF(OR(B100=Słowniki!A$46,B100=Słowniki!A$56,B100=Słowniki!A$58,B100=Słowniki!A$59),0.08,0.23) -> 0.23 | T100: 1 | AA100: =L100+ROUND(L100*P100*T100,2) -> 0 | AH100: =AJ$93 -> #DIV/0! | AK100: =ROUND(AA100*AH100,2) -> #DIV/0!
A101: 3 | P101: =IF(OR(B101=Słowniki!A$46,B101=Słowniki!A$56,B101=Słowniki!A$58,B101=Słowniki!A$59),0.08,0.23) -> 0.23 | T101: 1 | AA101: =L101+ROUND(L101*P101*T101,2) -> 0 | AH101: =AJ$93 -> #DIV/0! | AK101: =ROUND(AA101*AH101,2) -> #DIV/0!
A102: 4 | P102: =IF(OR(B102=Słowniki!A$46,B102=Słowniki!A$56,B102=Słowniki!A$58,B102=Słowniki!A$59),0.08,0.23) -> 0.23 | T102: 1 | AA102: =L102+ROUND(L102*P102*T102,2) -> 0 | AH102: =AJ$93 -> #DIV/0! | AK102: =ROUND(AA102*AH102,2) -> #DIV/0!
A103: 5 | P103: =IF(OR(B103=Słowniki!A$46,B103=Słowniki!A$56,B103=Słowniki!A$58,B103=Słowniki!A$59),0.08,0.23) -> 0.23 | T103: 1 | AA103: =L103+ROUND(L103*P103*T103,2) -> 0 | AH103: =AJ$93 -> #DIV/0! | AK103: =ROUND(AA103*AH103,2) -> #DIV/0!
A104: 6 | P104: =IF(OR(B104=Słowniki!A$46,B104=Słowniki!A$56,B104=Słowniki!A$58,B104=Słowniki!A$59),0.08,0.23) -> 0.23 | T104: 1 | AA104: =L104+ROUND(L104*P104*T104,2) -> 0 | AH104: =AJ$93 -> #DIV/0! | AK104: =ROUND(AA104*AH104,2) -> #DIV/0!
A105: 7 | P105: =IF(OR(B105=Słowniki!A$46,B105=Słowniki!A$56,B105=Słowniki!A$58,B105=Słowniki!A$59),0.08,0.23) -> 0.23 | T105: 1 | AA105: =L105+ROUND(L105*P105*T105,2) -> 0 | AH105: =AJ$93 -> #DIV/0! | AK105: =ROUND(AA105*AH105,2) -> #DIV/0!
A106: 8 | P106: =IF(OR(B106=Słowniki!A$46,B106=Słowniki!A$56,B106=Słowniki!A$58,B106=Słowniki!A$59),0.08,0.23) -> 0.23 | T106: 1 | AA106: =L106+ROUND(L106*P106*T106,2) -> 0 | AH106: =AJ$93 -> #DIV/0! | AK106: =ROUND(AA106*AH106,2) -> #DIV/0!
A107: 9 | P107: =IF(OR(B107=Słowniki!A$46,B107=Słowniki!A$56,B107=Słowniki!A$58,B107=Słowniki!A$59),0.08,0.23) -> 0.23 | T107: 1 | AA107: =L107+ROUND(L107*P107*T107,2) -> 0 | AH107: =AJ$93 -> #DIV/0! | AK107: =ROUND(AA107*AH107,2) -> #DIV/0!
A108: 10 | P108: =IF(OR(B108=Słowniki!A$46,B108=Słowniki!A$56,B108=Słowniki!A$58,B108=Słowniki!A$59),0.08,0.23) -> 0.23 | T108: 1 | AA108: =L108+ROUND(L108*P108*T108,2) -> 0 | AH108: =AJ$93 -> #DIV/0! | AK108: =ROUND(AA108*AH108,2) -> #DIV/0!
A109: 11 | P109: =IF(OR(B109=Słowniki!A$46,B109=Słowniki!A$56,B109=Słowniki!A$58,B109=Słowniki!A$59),0.08,0.23) -> 0.23 | T109: 1 | AA109: =L109+ROUND(L109*P109*T109,2) -> 0 | AH109: =AJ$93 -> #DIV/0! | AK109: =ROUND(AA109*AH109,2) -> #DIV/0!
A110: 12 | P110: =IF(OR(B110=Słowniki!A$46,B110=Słowniki!A$56,B110=Słowniki!A$58,B110=Słowniki!A$59),0.08,0.23) -> 0.23 | T110: 1 | AA110: =L110+ROUND(L110*P110*T110,2) -> 0 | AH110: =AJ$93 -> #DIV/0! | AK110: =ROUND(AA110*AH110,2) -> #DIV/0!
... A120: 22 | P120: =IF(OR(B120=Słowniki!A$46,B120=Słowniki!A$56,B120=Słowniki!A$58,B120=Słowniki!A$59),0.08,0.23) -> 0.23 | T120: 1 | AA120: =L120+ROUND(L120*P120*T120,2) -> 0 | AH120: =AJ$93 -> #DIV/0! | AK120: =ROUND(AA120*AH120,2) -> #DIV/0!
A121: 23 | B121: Razem | L121: =SUM(L99:O120) -> 0 | P121: n/d | T121: n/d | AA121: =SUM(AA99:AG120) -> 0 | AH121: n/d | AK121: =ROUND(SUM(AK99:AL120),2) -> #DIV/0!
A122: Informuję, że wszystkie wymienione powyżej koszty są kosztami kwalifikowanymi w rozumieniu art. 14 ust. 1 ustawy o finansowym wsparciu niektórych przedsięwzięć mieszkaniowych. W kosztach kwalifikowanych nie zostały ujęte w szczególności: koszty związane z lokalami niemieszkalnymi, drogami publicznymi, siecią wodociągową, siecią kanalizacji sanitarnej, deszczowej, ogólnospławnej, siecią gazową, siecią energetyczną, siecią cieplną, siecią telekomunikacyjną (w zakresie wykraczającym poza koszty wykonania niezbędnego uzbrojenia terenu na działce, działkach, na których realizowane jest przedsięwzięcie), koszty sporządzenia operatu szacunkowego, koszty wyposażenia lokali niewymienione w art. 6b ww. ustawy oraz inne koszty nie ujęte w art.14 ww. ustawy.
B123: Wysokość finansowego wsparcia [%]
B124: Podwyższenie finansowego wsparcia
B125: Kwota finansowego wsparcia [zł] | T125: =ROUNDDOWN(AK121*(T123+T124),2) -> #DIV/0!
A126: H. Informacja, czy beneficjentowi wsparcia lub inwestorowi przysługuje prawo do obniżenia kwoty podatku należnego o kwotę podatku naliczonego związanego z tym przedsięwzięciem lub zwrot tego podatku (z wyłączeniem przedsięwzięć, o których mowa w art. 3 ust. 1 pkt 5 ustawy).
A127: Beneficjentowi wsparcia nie przysługuje prawo do obniżenia kwoty podatku należnego o kwotę podatku naliczonego związanego z tym przedsięwzięciem lub zwrot tego podatku.
A128: J. Informacja, czy przedsięwzięcie jest objęte gminnym programem rewitalizacji w rozumieniu przepisu art. 15 ustawy z dnia 9 października 2015 r. o rewitalizacji (Dz. U. z 2024 r. poz. 278).
...

Sheet Wniosek kupno
A1: Proszę wypełnić niebieskie pola, brak wypełnienia niebieskich pól może spowodować wezwanie do uzupełnienia wniosku, co wydłuży okres rozpatrzenia wniosku.
AM2: Uwagi, komentarze przydatne przy wypełnianiu wniosku
H3: =TODAY() -> 46184
A4: miejscowość | H4: data wniosku
A6: Wybierz właściwe | G6: Nowy wniosek | Q6: Korekta wniosku
A7: Jeżeli składasz korektę wniosku wpisz numer pisma z wezwania do uzupełnienia | AM7: Wpisz nie dotyczy jeżeli skąłdasz nowy wniosek
A8: Szanowni Państwo, przesyłając nowy wniosek w tytule sprawy (w piśmie przewodnim lub technicznym przesyłanym poprzez ePUAP/e-doręczenia wraz z wnioskiem) proszę wpisywać treść „nowy wniosek”, a jeśli przesyłana jest korekta wniosku proszę wpisać „korekta wniosku dla sprawy numer (…)”. Numer sprawy to znak pisma – wezwania do uzupełnienia. Przesyłana korespondencja do banku poprzez ePUAP lub przez e-doręczenia powinna dotyczyć jednej sprawy. Taki sposób oznakowania korespondencji pozwoli nam usprawnić obsługę Państwa wniosków. Dziękujemy za stosowanie się do powyższego.
A10: Wniosek o udzielenie wsparcia finansowego z Funduszu Dopłat w ramach realizacji przez
A11: Bank Gospodarstwa Krajowego rządowego programu budownictwa komunalnego
A12: zgodnie z przepisami ustawy z dnia 8 grudnia 2006 r. o finansowym wsparciu niektórych przedsięwzięć mieszkaniowych (t.j. Dz.U. 2024 poz. 304 z późn. zm.)
A14: I. Dane Wnioskodawcy
A15: A. | B15: Beneficjent wsparcia
A17: B. | B17: Nazwa | AM17: Nazwa wnioskodawcy powinna być zgodna z bazą REGON
A19: C. | B19: Adres wnioskodawcy [kod pocztowy, nazwa miejscowości, nazwa ulicy, numer porządkowy budynku, numer lokalu] zgodnie z nazwami miejscowości i ulicy w Rejestrze TERYT | AM19: Weryfikacji poprawności adresu można dokonać na stronie internetowej -> https://eteryt.stat.gov.pl/eTeryt/rejestr_teryt/udostepnianie_danych/baza_teryt/uzytkownicy_indywidualni/wyszukiwanie/wyszukiwanie.aspx?contrast=default
B21: Adres do doręczeń elektronicznych, o których mowa w ustawie z dnia 18 listopada 2020 r. o doręczeniach elektronicznych (Dz. U. z 2024 r. poz. 1045 i 1841). Adres do doręczeń można sprawdzić klikając w link. | AM21: Najczęściej zadawane pytania i odpowiedzi o e-Doręczeniach
A23: D. | B23: Numer identyfikacji podatkowej NIP | W23: Numer identyfikacyjny REGON | AM23: Numer NIP i numer REGON powinny być zgodne z bazą regon przypisaną do nazwy wnioskodacy
B25: Numer KRS - dla podmiotów innych niż gmina, powiat lub związek międzygminny | AM25: Numer KRS powinien być zgodny z bazą KRS dla wnioskodawcy
A27: E. | B27: Dane służbowe osoby bezpośrednio prowadzącej sprawę
B28: Imię i nazwisko/ nr telefonu
B30: Adres poczty elektronicznej
AM31: Wybierz nie dotyczy jeżeli, sprawę prowadzi jedna osoba
B32: Imię i nazwisko/ nr telefonu (opcjonalnie)
AM33: Wybierz nie dotyczy jeżeli, sprawę prowadzi jedna osoba
B34: Adres poczty elektronicznej (opcjonalnie)
A36: G. | B36: Numer rachunku bankowego lub rachunku prowadzonego przez spółdzielczą kasę oszczędnościowo-kredytową beneficjenta wsparcia, na który zostanie przekazane finansowe wsparcie.
T37: {=LEFT(B37,2)&" "&_xlfn.TEXTJOIN(" ",,MID(B37,{3,7,11,15,19,23},4))}
A38: II. | B38: Dane dotyczące realizowanego przedsięwzięcia
A39: A. | B39: Wnioskowana kwota finansowego wsparcia [zł]
B40: =T117 -> 0 | AM40: Kliknij "tutaj" i przejdź do wypełnienia zestawienia kosztów
A41: C. | B41: Przewidywana data rozpoczęcia realizacji przedsięwzięcia /Data rozpoczęcia realizacji przedsięwzięcia (dzień, miesiąc (słownie) i rok). | AM41: Finansowe wsparcie może być udzielone na realizację przedsięwzięcia rozpoczętego przed dniem zawarcia umowy, o której mowa w art. 12, jeżeli wniosek o finansowe wsparcie, o którym mowa w art. 8, został złożony przez beneficjenta wsparcia przed upływem 12 miesięcy od dnia rozpoczęcia przedsięwzięcia
A43: D. | B43: Przewidywana data zakończenia realizacji przedsięwzięcia / Data zakończenia realizacji przedsięwzięcia (dzień, miesiąc (słownie) i rok). | AM43: Data zakończenie realizacji nie może być dłuższa niż 36 miesiący od przewidywanej daty rozpoczęcia przedsięwzięcia
AM44: Maksymalne finansowe wsparcie nie może przekroczyć:
A45: E. | B45: Przewidywana struktura finansowania przedsięwzięcia, z podziałem na | AM45: Lokale Mieszkalne (stanowiące mieszkaniowy zasobu gminy)* | AN45: 0.5
B46: Wyszczególnienie | Z46: Ogółem (brutto) | AK46: Udział [%]
B47: Środki własne beneficjenta wsparcia | AK47: =ROUND(Z47/Z$50,5) -> #DIV/0! | AM47: Mieszkania wspomagane i treningowe * | AN47: 0.5
B48: Wsparcie finansowe na podstawie ustawy | Z48: =B$40 -> 0 | AK48: =ROUND(Z48/Z$50,5) -> #DIV/0! | AM48: Mieszkania (Powódź) | AN48: 0.6
B49: Inne źródła | AK49: =ROUND(Z49/Z$50,5) -> #DIV/0! | AM49: Mieszkania Zakładowe | AN49: 0.5
B50: Łącznie | Z50: =SUM(Z47:AJ49) -> 0 | AK50: =SUM(AK47:AL49) -> #DIV/0! | AM50: Łącznie powinno zsumować się na kwalifikowany koszt przedsięwzięcia
A51: H. | B51: W przypadku przedsięwzięć, o których mowa w art. 3 ust. 1 pkt 5 i 6 i art. 4a ust. 1 pkt 3 ustawy, informacja o: 1) przewidywanej cenie sprzedaży, a jeżeli przedsięwzięcie zostało rozpoczęte przed dniem złożenia wniosku o finansowe wsparcie – informacja o dacie sporządzenia umowy sprzedaży i cenie sprzedaży; 2) wartości gruntu, wynikającej z aktualnego operatu szacunkowego, sporządzonego zgodnie z przepisami ustawy z dnia 21 sierpnia 1997 r. o gospodarce nieruchomościami (Dz. U. z 2024 r. poz. 1145, 1222, 1717 i 1881 oraz z 2025 r. poz. 1077 i 1080).
B52: Przewidywana cena sprzedaży/Cena ssprzedaży
B53: Data sporzadzenia umowy sprzedaży
B54: Wartości gruntu, wynikająca z aktualnego operatu szacunkowego
A55: I. | B55: W przypadku przedsięwzięć, o których mowa w art. 3 ust. 1 pkt 5 i 6 ustawy, jeżeli przedmiotem zakupu jest byłe mieszkanie zakładowe, budynek mieszkalny z byłymi mieszkaniami zakładowymi albo udział we współwłasności budynku mieszkalnego, w którym znajdują się byłe mieszkania zakładowe, informacja o: 1) wartości rynkowej nieruchomości, wynikającej z aktualnego operatu szacunkowego, sporządzonego zgodnie z przepisami ustawy z dnia 21 sierpnia 1997 r. o gospodarce nieruchomościami; 2) wartości rynkowej gruntu, wynikającej z aktualnego operatu szacunkowego, sporządzonego zgodnie z przepisami ustawy z dnia 21 sierpnia 1997 r. o gospodarce nieruchomościami.
B56: a) wartość rynkowa nieruchomości, wynikająca z aktualnego operatu szacunkowego
B57: b) wartośc rynkowa gruntu, wynikająca z aktualnego operatu szacunkowego
A58: III. | B58: Rodzaj przedsięwzięcia (należy wskazać właściwe)
A60: IV. | B60: Rodzaj i wielkość zasobu powstającego lub zmodernizowanego w wyniku przedsięwzięcia
A61: A. Liczba lokali wchodzących w skład mieszkaniowego zasobu gminy, w tym liczba lokali, które zostaną utworzone i liczba lokali, które zostaną zmodernizowane. | AM61: Uwaga: rodzaj zasobu mieszkania treningowe i wspomagane są innym rodzajem zasobu niż lokale wchodzące w skład mieszkaniowego zasobu gminy i należy je wskazywać oddzielnie w pkt IV wniosku. Jeżeli wnioskujesz tylko o realizację rodzaju zasobu mieszkania treningowe lub wspomagane w sekcji IV.A. Liczba lokali wchodzących w skład mieszkaniowego zasobu gminy (…) wpisz 0, a w sekcji IV.B. Liczba mieszkań treningowych lub wspomaganych wprowadź właściwe wartości. Wprowadzenie w sekcji IV.A. Liczba lokali wchodzących w skład mieszkaniowego zasobu gminy (…) pomimo braku ich realizacji prowadzi do nieprawidłowości.
A62: =A64+T64 -> 0
A63: w tym tworzone | T63: w tym zmodernizowane
A65: B. Liczba mieszkań wspomaganych. | T65: B. Liczba mieszkań treningowych.
A67: Łączna liczba powstającego zasobu składająca się z liczby lokali wchodzących w skład mieszkaniowego zasobu gminy oraz liczby mieszkań wspomaganych i treningowych. | AM67: Zweryfikuj czy łączna liczba zasobu jest zgodna z zamierzeniami inwestycyjnymi.
A68: =A62+A66+T66 -> 0
A69: K. Liczba lokali mieszkalnych realizowanych w ramach programu „Za życiem”.
A71: L. Liczba lokali mieszkalnych dla osób starszych, o których mowa w art. 5b ustawy.
A73: V. | B73: A. Charakterystyka przedsięwzięcia określonego w art. 3 ustawy
A74: B. W przypadku kupna lokali mieszkalnych, budynku mieszkalnego albo udziału we współwłasności budynku mieszkalnego w tym kupna połączonego z remontem tych lokali lub budynku mieszkalnego:
A75: Lp. | B75: Adresy nabywanych lokali lub budynków [ Miejscowość, ulica, nr porządkowy budynku, numer lokalu] | Q75: Liczba nabywanych lokali mieszkalnych | AB75: łączna powierzchnia użytkowa lokali mieszkalnych nabywanych w ramach przedsięwzięcia [m²] | AK75: łączna powierzchnia użytkowa przeznaczona na zaspokajanie potrzeb osób starszych, nieobejmująca powierzchni użytkowej lokali mieszkalnych dla seniorów [m²]
A76: 1
A77: 2
A78: 3
A79: 4
A80: 5
A81: 6
A82: 7
A83: 8
A84: 9
A85: 10
A86: 11 | B86: Podsumowanie | Q86: =SUM(Q76:AA85) -> 0 | AB86: =SUM(AB76:AJ85) -> 0 | AK86: =SUM(AK76:AL85) -> 0
A87: VI. Dodatkowe informacje o przedsięwzięciu
A88: A. Informacja, czy przedsięwzięcie jest realizowane zgodnie z zasadami określonymi w art. 7 ustawy.
A89: Przedsięwzięcie jest realizowane zgodnie z zasadami określonymi w art. 7 ustawy.
A90: D. Informacja, czy w lokalach mieszkalnych pozyskanych przy udziale finansowego wsparcia na podstawie ustawy zostanie zainstalowane wyposażenie, o którym mowa w art. 6b ustawy (z wyłączeniem przedsięwzięć, o których mowa w art. 3 ust. 3 ustawy), ze wskazaniem przyczyny braku jego instalacji.
A91: W lokalach mieszkalnych pozyskanych przy udziale finansowego wsparcia na podstawie ustawy zostanie zainstalowane wyposażenie, o którym mowa w art. 6b ustawy. | AM91: =IF(A$91=Słowniki!P1,"Po wydrukowaniu należy przystawić imienną pieczęć i podpisać oświadczenie","")
A93: G. Informacja o sposobie wyodrębnienia kosztów przedsięwzięcia, o których mowa w art. 14 ust. 1 ustawy, które nie podlegają sfinansowaniu w ramach danego wniosku, lub też kosztów innych niż te, o których mowa w art. 14 ust. 1 ustawy.
A95: Łączna powierzchnia użytkowa nabywanych lokali nieobjętych finansowym wsparciem [m²]
A96: Wskaźnik (I.) powierzchniowy, zgodny z art. 15 ww. ustawy należy zastosować - jeżeli w budynku lub części budynku, w których w wyniku realizacji przedsięwzięcia powstaną lokale mieszkalne, znajdują się lub powstaną również lokale nieobjęte finansowym wsparciem, koszty, o których mowa w art. 14 ust. 1 pkt 1 i 2 ww. ustawy, których nie można wyodrębnić jako kosztów poniesionych wyłącznie na realizację przedsięwzięcia, zalicza się do kosztów przedsięwzięcia w części odpowiadającej udziałowi powierzchni użytkowej lokali mieszkalnych, w powierzchni stanowiącej sumę powierzchni użytkowej lokali, oraz powierzchni użytkowej lokali nieobjętych finansowym wsparciem. Wartość wskaźnika równa się (liczbie wskazanej w pkt V.A.B.3/(liczbie wskazanej w pkt V.A.B.3+liczbie wskazanej w pkt VI.G)). | AJ96: =IF(A94=Słowniki!D50,ROUNDDOWN(AB86/(AB86+AJ95),4),100%) -> 1
A97: Jeżeli zastosowany ww. wskaźniki kosztowy I. nie jest wystarczający, żeby wyodrębnić wszystkie koszty niekwalifikowane opisz poniżej szczegółowo informację o sposobie wyodrębnienia tych kosztów przedsięwzięcia, o których mowa w art. 14 ust. 2 ustawy, które nie podlegają sfinansowaniu w ramach danego wniosku. Koszty te rodzajowo należy wyodrębnić w pozycji w pkt VI.F. oraz wpisać dla tych pozycji wskaźnik II. kosztowy.
A99: F. Informacja o planowanych kosztach przedsięwzięcia, o których mowa w art. 14 ust. 1 ustawy, z uwzględnieniem wartości netto i brutto oraz ze wskazaniem wysokości przyjętej stawki podatku od towarów i usług, dokumentów, na podstawie których te koszty określono (w przypadku przedsięwzięcia obejmującego remont lub przebudowę części kilku budynków w rozbiciu na poszczególne lokale mieszkalne znajdujące się w budynkach objętych wnioskiem ze wskazaniem ich adresu), a także jeżeli przedsięwzięcie obejmuje zakup, montaż lub budowę instalacji odnawialnego źródła energii, o której mowa w art. 2 pkt 13 lit. a ustawy z dnia 20 lutego 2015 r. o odnawialnych źródłach energii (Dz. U. z 2024 r. poz. 1361, z późn. zm. )), z wyłączeniem magazynu biogazu rolniczego, przyłączonej do sieci dystrybucyjnej za pośrednictwem wewnętrznej instalacji, wskazanie kosztów zakupu, montażu lub budowy tej instalacji.
A100: Lp. | B100: Wyszczególnienie rodzaju kwalifikowanego kosztu | G100: Dokumenty, na podstawie których określono koszt | L100: Kwota netto [zł] | P100: Stawka Vat | T100: VAT niepodlegający odliczeniu [%] | AA100: Kwota z VAT niepodlegajaca odliczeniu [zł] | AH100: Wskaźnik kosztów kwalifikowanych <0,00-100,00%> | AK100: Kwota kosztów kwalifikowanych [zł] | AM100: Uwaga: Jeżeli dana pozycja kosztów nie ma zastosowania dla Twojego przedsięwzięcia możesz edytować zakres tabeli w kolumnach dotyczących wyszczególnienia rodzaju kosztów, stawek VAT dostosowując zestawienie kosztów do zakresu rzeczowego realizowanego przedsięwzięcia i kosztów w nim występujących. W przypadku gdy zakres rzeczowy przedsięwzięcia nie uwzględnia danych kosztów i nie masz potrzeby edycji zakresu tabeli w wierszach dotyczących kwoty netto oraz wskaźniku kosztów kwalifikowanych wprowadź zero. Jeżeli w zaproponowanym zestawieniu kosztów nie jesteś w stanie odzwierciedlić indywidualnego wyszczególnienia kosztów sporządź je w własnym zakresie, a w niniejszym zestawieniu wprowadź wartości zagregowanych kosztów.
A101: 1 | B101: 2 | G101: 3 | L101: 4 | P101: 5 | T101: 6 | AA101: 4+4*5*6=7 | AH101: 8 | AK101: 7*8=9
A102: 1 | B102: Cena zakupu | T102: 1 | AA102: =L102+ROUND(L102*P102*T102,2) -> 0 | AH102: =AJ$96 -> 1 | AK102: =ROUND(AA102*AH102,2) -> 0
A103: 2 | P103: =IF(OR(B103=Słowniki!A$46,B103=Słowniki!A$56,B103=Słowniki!A$58,B103=Słowniki!A$59),0.08,0.23) -> 0.23 | T103: 1 | AA103: =L103+ROUND(L103*P103*T103,2) -> 0 | AH103: =AJ$96 -> 1 | AK103: =ROUND(AA103*AH103,2) -> 0
A104: 3 | P104: =IF(OR(B104=Słowniki!A$46,B104=Słowniki!A$56,B104=Słowniki!A$58,B104=Słowniki!A$59),0.08,0.23) -> 0.23 | T104: 1 | AA104: =L104+ROUND(L104*P104*T104,2) -> 0 | AH104: =AJ$96 -> 1 | AK104: =ROUND(AA104*AH104,2) -> 0
A105: 4 | P105: =IF(OR(B105=Słowniki!A$46,B105=Słowniki!A$56,B105=Słowniki!A$58,B105=Słowniki!A$59),0.08,0.23) -> 0.23 | T105: 1 | AA105: =L105+ROUND(L105*P105*T105,2) -> 0 | AH105: =AJ$96 -> 1 | AK105: =ROUND(AA105*AH105,2) -> 0
A106: 5 | P106: =IF(OR(B106=Słowniki!A$46,B106=Słowniki!A$56,B106=Słowniki!A$58,B106=Słowniki!A$59),0.08,0.23) -> 0.23 | T106: 1 | AA106: =L106+ROUND(L106*P106*T106,2) -> 0 | AH106: =AJ$96 -> 1 | AK106: =ROUND(AA106*AH106,2) -> 0
A107: 6 | P107: =IF(OR(B107=Słowniki!A$46,B107=Słowniki!A$56,B107=Słowniki!A$58,B107=Słowniki!A$59),0.08,0.23) -> 0.23 | T107: 1 | AA107: =L107+ROUND(L107*P107*T107,2) -> 0 | AH107: =AJ$96 -> 1 | AK107: =ROUND(AA107*AH107,2) -> 0
A108: 7 | P108: =IF(OR(B108=Słowniki!A$46,B108=Słowniki!A$56,B108=Słowniki!A$58,B108=Słowniki!A$59),0.08,0.23) -> 0.23 | T108: 1 | AA108: =L108+ROUND(L108*P108*T108,2) -> 0 | AH108: =AJ$96 -> 1 | AK108: =ROUND(AA108*AH108,2) -> 0
A109: 8 | P109: =IF(OR(B109=Słowniki!A$46,B109=Słowniki!A$56,B109=Słowniki!A$58,B109=Słowniki!A$59),0.08,0.23) -> 0.23 | T109: 1 | AA109: =L109+ROUND(L109*P109*T109,2) -> 0 | AH109: =AJ$96 -> 1 | AK109: =ROUND(AA109*AH109,2) -> 0
A110: 9 | P110: =IF(OR(B110=Słowniki!A$46,B110=Słowniki!A$56,B110=Słowniki!A$58,B110=Słowniki!A$59),0.08,0.23) -> 0.23 | T110: 1 | AA110: =L110+ROUND(L110*P110*T110,2) -> 0 | AH110: =AJ$96 -> 1 | AK110: =ROUND(AA110*AH110,2) -> 0
A111: 10 | P111: =IF(OR(B111=Słowniki!A$46,B111=Słowniki!A$56,B111=Słowniki!A$58,B111=Słowniki!A$59),0.08,0.23) -> 0.23 | T111: 1 | AA111: =L111+ROUND(L111*P111*T111,2) -> 0 | AH111: =AJ$96 -> 1 | AK111: =ROUND(AA111*AH111,2) -> 0
A112: 11 | P112: =IF(OR(B112=Słowniki!A$46,B112=Słowniki!A$56,B112=Słowniki!A$58,B112=Słowniki!A$59),0.08,0.23) -> 0.23 | T112: 1 | AA112: =L112+ROUND(L112*P112*T112,2) -> 0 | AH112: =AJ$96 -> 1 | AK112: =ROUND(AA112*AH112,2) -> 0
A113: 23 | B113: Razem | L113: =SUM(L102:O112) -> 0 | P113: n/d | T113: n/d | AA113: =SUM(AA102:AG112) -> 0 | AH113: n/d | AK113: =ROUND(SUM(AK102:AL112),2) -> 0
A114: Informuję, że wszystkie wymienione powyżej koszty są kosztami kwalifikowanymi w rozumieniu art. 14 ust. 1 ustawy o finansowym wsparciu niektórych przedsięwzięć mieszkaniowych. W kosztach kwalifikowanych nie zostały ujęte w szczególności: koszty związane z lokalami niemieszkalnymi, drogami publicznymi, siecią wodociągową, siecią kanalizacji sanitarnej, deszczowej, ogólnospławnej, siecią gazową, siecią energetyczną, siecią cieplną, siecią telekomunikacyjną (w zakresie wykraczającym poza koszty wykonania niezbędnego uzbrojenia terenu na działce, działkach, na których realizowane jest przedsięwzięcie), koszty sporządzenia operatu szacunkowego, koszty wyposażenia lokali niewymienione w art. 6b ww. ustawy oraz inne koszty nie ujęte w art.14 ww. ustawy.
B115: Wysokość finansowego wsparcia [%] | T115: 0.5
B116: Podwyższenie finansowego wsparcia
B117: Kwota finansowego wsparcia [zł] | T117: =ROUNDDOWN(AK113*(T115+T116),2) -> 0 | AM117: Wróć do wypełniania wniosku
A118: H. Informacja, czy beneficjentowi wsparcia lub inwestorowi przysługuje prawo do obniżenia kwoty podatku należnego o kwotę podatku naliczonego związanego z tym przedsięwzięciem lub zwrot tego podatku (z wyłączeniem przedsięwzięć, o których mowa w art. 3 ust. 1 pkt 5 ustawy).
A119: Beneficjentowi wsparcia nie przysługuje prawo do obniżenia kwoty podatku należnego o kwotę podatku naliczonego związanego z tym przedsięwzięciem lub zwrot tego podatku. | AM119: Wybrać "nie dotyczy realizowanego przedsięwzięcia" w przypadku przedsięwzięć, o których mowa w art. 3 ust. 1 pkt 5 ustawy
A120: I. Informacja, czy beneficjent wsparcia ubiega się o finansowe wsparcie na przedsięwzięcie, o którym mowa w art. 3 ust. 1 pkt 5 i 6 ustawy, którego przedmiotem zakupu są byłe mieszkania zakładowe, wraz z ich wykazem, których lokatorami są: 1) osoby, które przed dniem 7 lutego 2001 r. były pracownikami przedsiębiorstwa państwowego lub spółki handlowej, w których Skarb Państwa był podmiotem dominującym w rozumieniu ustawy z dnia 29 lipca 2005 r. o ofercie publicznej i warunkach wprowadzania instrumentów finansowych do zorganizowanego systemu obrotu oraz o spółkach publicznych (Dz. U. z 2025 r. poz. 592); 2) zstępni, wstępni, małżonek lokatora, osoby przysposabiające lokatora i przysposobione przez niego oraz osoby, które pozostawały z lokatorem w faktycznym wspólnym pożyciu, zamieszkujące z lokatorem w chwili jego śmierci, którzy wstąpili w stosunek najmu po śmierci osób wskazanych w pkt 1.
...

Sheet Wniosek art 5 budowa
A1: Proszę wypełnić niebieskie pola, brak wypełnienia niebieskich pól może spowodować wezwanie do uzupełnienia wniosku, co wydłuży okres rozpatrzenia wniosku.
A2: Żółte pola wypełnią się automatycznie.
AM3: Uwagi, komentarze przydatne przy wypełnianiu wniosku
H4: =TODAY() -> 46184
A5: miejscowość | H5: data wniosku
A7: Wybierz właściwe | G7: Nowy wniosek | Q7: Korekta wniosku
A8: Jeżeli składasz korektę wniosku wpisz numer pisma z wezwania do uzupełnienia | AM8: Wpisz nie dotyczy jeżeli skałdasz nowy wniosek
A9: Szanowni Państwo, przesyłając nowy wniosek w tytule sprawy (w piśmie przewodnim lub technicznym przesyłanym poprzez ePUAP/e-doręczenia wraz z wnioskiem) proszę wpisywać treść „nowy wniosek”, a jeśli przesyłana jest korekta wniosku proszę wpisać „korekta wniosku dla sprawy numer (…)”. Numer sprawy to znak pisma – wezwania do uzupełnienia. Przesyłana korespondencja do banku poprzez ePUAP lub przez e-doręczenia powinna dotyczyć jednej sprawy. Taki sposób oznakowania korespondencji pozwoli nam usprawnić obsługę Państwa wniosków. Dziękujemy za stosowanie się do powyższego.
A12: Wniosek o udzielenie wsparcia finansowego z Funduszu Dopłat w ramach realizacji przez
A13: Bank Gospodarstwa Krajowego rządowego programu budownictwa komunalnego
A14: zgodnie z przepisami ustawy z dnia 8 grudnia 2006 r. o finansowym wsparciu niektórych przedsięwzięć mieszkaniowych (t.j. Dz.U. 2024 poz. 304 z późn. zm.)
A16: I. Dane Wnioskodawcy
A17: A. | B17: Beneficjent wsparcia
A19: B. | B19: Nazwa | AM19: Nazwa wnioskodawcy powinna być zgodna z bazą REGON
A21: C. | B21: Adres wnioskodawcy [kod pocztowy, nazwa miejscowości, nazwa ulicy, numer porządkowy budynku, numer lokalu] zgodnie z nazwami miejscowości i ulicy w Rejestrze TERYT | AM21: Weryfikacji poprawności adresu można dokonać na stronie internetowej -> https://eteryt.stat.gov.pl/eTeryt/rejestr_teryt/udostepnianie_danych/baza_teryt/uzytkownicy_indywidualni/wyszukiwanie/wyszukiwanie.aspx?contrast=default
B23: Adres do doręczeń elektronicznych, o których mowa w ustawie z dnia 18 listopada 2020 r. o doręczeniach elektronicznych (Dz. U. z 2024 r. poz. 1045 i 1841). Adres do doręczeń można sprawdzić klikając w link. | AM23: Najczęściej zadawane pytania i odpowiedzi o e-Doręczeniach
A25: D. | B25: Numer identyfikacji podatkowej NIP | W25: Numer identyfikacyjny REGON | AM25: Numer NIP i numer REGON powinny być zgodne z bazą regon przypisaną do nazwy wnioskodacy
A27: E. | B27: Dane służbowe osoby bezpośrednio prowadzącej sprawę
B28: Imię i nazwisko/ nr telefonu
B30: Adres poczty elektronicznej/nr faksu
B32: Imię i nazwisko/ nr telefonu (opcjonalnie)
AM33: Wybierz nie dotyczy jeżeli, sprawę prowadzi jedna osoba
B34: Adres poczty elektronicznej/nr faksu (opcjonalnie)
AM35: Wybierz nie dotyczy jeżeli, sprawę prowadzi jedna osoba
A36: F. | B36: Nazwa inwestora
B38: Adres inwestora | Y38: Adres inwestora do doręczeń elektronicznych, o których mowa w ustawie z dnia 18 listopada 2020 r. o doręczeniach elektronicznych.
B40: Numer identyfikacji podatkowej NIP inwestora | W40: Numer identyfikacyjny REGON inwestora
B42: Numer KRS - dla podmiotów innych niż gmina, powiat lub związek międzygminny inwestora | AM42: Numer KRS powinien być zgodny z bazą KRS dla inwestora
A44: G. | B44: Numer rachunku bankowego lub rachunku prowadzonego przez spółdzielczą kasę oszczędnościowo-kredytową beneficjenta wsparcia, na który zostanie przekazane finansowe wsparcie.
T45: {=LEFT(B45,2)&" "&_xlfn.TEXTJOIN(" ",,MID(B45,{3,7,11,15,19,23},4))}
A46: II. | B46: Dane dotyczące realizowanego przedsięwzięcia
A47: A. | B47: Wnioskowana kwota finansowego wsparcia (zł)
B48: =IF(T166+Z59>ROUNDDOWN(45%*AK160,2),ROUNDDOWN(45%*AK160-Z59,2),T166) -> #DIV/0! | AM48: Kliknij "tutaj" i przejdź do wypełnienia zestawienia kosztów
A49: C. | B49: Przewidywana data rozpoczęcia realizacji przedsięwzięcia /Data rozpoczęcia realizacji przedsięwzięcia (dzień, miesiąc (słownie) i rok). Dla przedsięwzięć, o których mowa w art. 5 ust. 1 pkt 1 i pkt 2 lit. a poprzez rozpoczęcie realizacji przedsięwzięcia rozumie się datę zawarcia umowy, o której mowa w art. 5 ust. 2 pkt 1. Data ta jest zbieżna z datą wskazywaną w pkt VI.ZC.
AM50: Przez rozpoczęcie realizacji przedsięwzięcia rozumie się zawarcie, umowy o której mowa w art. 5 ust. 2, przy czym rozpoczęcie przedsięwzięcia może nastąpić przed lub po podpisaniu Umowy o finansowe wsparcie pomiędzy Gminą z BGK, której zawarcie następuje po pozytywnym rozpatrzeniu wniosku o finansowe wsparcie
A51: D. | B51: Przewidywana data zakończenia realizacji przedsięwzięcia (dzień, miesiąc (słownie) i rok).
AM52: Przez zakończenie realizacji przedsięwzięcia rozumie się sytuację, w której, zgodnie z odrębnymi przepisami, można przystąpić do użytkowania lokali mieszkalnych lub budynków pozyskanych w wyniku przedsięwzięcia
A53: E. | B53: Przewidywana struktura finansowania przedsięwzięcia, z podziałem na | AM53: Maksymalne finansowe wsparcie nie może przekroczyć:
B54: Wyszczególnienie | Z54: Ogółem | AK54: Udział [%] | AM54: do 25 lub 45% w przypadku BB/RPBn lokali mieszkalnych przeznaczonych na wynajem art. 5
B55: Środki własne inwestora | AK55: =Z55/Z$61 -> #DIV/0!
B56: Wartość gruntu inwestora (własność albo prawo użytkowania wieczystego gruntu) wynikająca z aktualnego operatu szacunkowego | AK56: =Z56/Z$61 -> #DIV/0! | AM56: Wartość gruntu stanowiącego własność inwestora albo prawa użytkowania wieczystego gruntu będącego we władaniu inwestora, na którym realizowane jest przedsięwzięcie, w przypadku gdy z realizacją przedsięwzięcia jest związane zawarcie umowy, o której mowa w art. 5 ust. 2 ustawy
B57: Środki własne beneficjenta wsparcia | AK57: =Z57/Z$61 -> #DIV/0!
B58: Wsparcie finansowe na podstawie ustawy | Z58: =B48 -> #DIV/0! | AK58: =Z58/Z$61 -> #DIV/0! | AM58: oraz dodatkowo 5 %, w przypadku przedsięwzięć, w których nie mniej niż 5 % lokali mieszkalnych przeznaczonych będzie dla rodzin wg ustawy o wsparciu kobiet i rodzin "za życiem" lub w przypadku przedsięwzięcia, o którym mowa w art. 15 ust. 1 pkt 5 lit. a ustawy o rewitalizacji, w przypadkach bez finansowania zwrotnego
B59: Wsparcie ze środków RFRM | AK59: =Z59/Z$61 -> #DIV/0! | AM59: wsparcie ze środków Rządowego Funduszu Rozwoju Mieszkalnictwa, udzielone na podstawie art. 33l ustawy z dnia 26 października 1995 r. o społecznych formach rozwoju mieszkalnictwa (Dz. U. z 2025 r. poz. 1273) w brzmieniu obowiązującym w dniu 21 sierpnia 2025 r.
B60: Inne źródła | AK60: =Z60/Z$61 -> #DIV/0! | AM60: Między innymi preferencyjny kredyt z programu wspierania społecznego budownictwa czynszowego, partycypacja przyszłych najemców, itp.
B61: Łącznie (bez wartości gruntu ) | Z61: =SUM(Z55+Z57+Z58+Z59+Z60) -> #DIV/0! | AK61: =SUM(AK55+AK57+AK58+AK59+AK60) -> #DIV/0! | AM61: Łącznie powinno zsumować się na kwalifikowany koszt przedsięwzięcia
A62: Dopuszczalna łączna kwota udzielonego gminie finansowego wsparcia, o którym mowa w art. 5 ust. 1 pkt 1 i pkt 2 lit. a, oraz wsparcia udzielonego ze środków zlikwidowanego Rządowego Funduszu Rozwoju Mieszkalnictwa na sfinansowanie części lub całości działania polegającego na objęciu udziałów lub akcji w istniejącej SIM, która przed dniem objęcia tych udziałów lub akcji prowadziła działalność na terenie tej gminy, nie może przekroczyć 45 % kosztów przedsięwzięcia wynoszących. | Z62: =ROUNDDOWN(AK160*45%,2) -> #DIV/0! | AK62: =Z62/AK160 -> #DIV/0!
A63: Łączna kwota udzielonego gminie finansowego wsparcia, o którym mowa w art. 5 ust. 1 pkt 1 i pkt 2 lit. a, oraz wsparcia udzielonego ze środków zlikwidowanego Rządowego Funduszu Rozwoju Mieszkalnictwa na sfinansowanie części lub całości działania polegającego na objęciu udziałów lub akcji w istniejącej SIM, która przed dniem objęcia tych udziałów lub akcji prowadziła działalność na terenie tej gminy, nie może przekroczyć 45 % kosztów przedsięwzięcia wynoszących. | Z63: =Z58+Z59 -> #DIV/0! | AK63: =Z63/AK160 -> #DIV/0!
A64: F. | B64: W przypadku przedsięwzięć realizowanych na podstawie art. 3 ust. 1 pkt 1, art. 4 ust. 1 pkt 1, art. 4a ust. 1 pkt 1, art. 5 ust. 1 pkt 1 i art. 5c ustawy, informacje o dokumentach potwierdzających prawo do prowadzenia robót budowlanych:
B65: 1) jeżeli planowany zakres robót wymaga pozwolenia na budowę lub zezwolenia na realizację inwestycji drogowej – informacje o organie, który wydał decyzję, dacie wydania decyzji i jej numerze, dacie ostateczności lub wykonalności decyzji oraz o danych podmiotu, na który została wydana decyzja
B66: Organ który wydał decyzję
B67: Data wydania decyzji
B68: Numer decyzji
B69: Data ostateczności lub wykonalności decyzji
B70: Dane podmiotu, na który została wydana decyzja [nazwa podmiotu, numer Regon]
B71: 2) jeżeli planowany zakres robót wymaga zgłoszenia, o którym mowa w art. 30 lub w art. 71 ust. 2 ustawy z dnia 7 lipca 1994 r. – Prawo budowlane (Dz. U. z 2025 r. poz. 418, 1080, 1535 i 1673) – informacje o dacie zgłoszenia, dacie i numerze zaświadczenia organu administracji architektoniczno-budowlanej o braku podstaw do wniesienia sprzeciwu, o którym mowa w art. 30 ust. 5aa i art. 71 ust. 4c ustawy z dnia 7 lipca 1994 r. – Prawo budowlane, albo zaświadczenia organu administracji architektoniczno-budowlanej o niewniesieniu w terminie sprzeciwu wobec zgłoszenia oraz informacja o organie, który to zaświadczenie wydał, oraz o danych podmiotu zgłaszającego.
B72: Data zgłoszenia
B73: Data i numer zaświadczenia organu administracji o braku podstaw do wniesienia sprzeciwu
B74: Data i numer zaświadczenia organu administracji architektoniczno-budowlanej o niewniesieniu w terminie sprzeciwu wobec zgłoszenia
B75: Organ który zaświadczenie wydał
B76: Dane podmiotu zgłaszającego [nazwa podmiotu zgłaszającego, numer Regon]
B77: Data ostatniego wpisu do dziennika budowy dokonanego przed złożeniem wniosku
A78: J. | B78: W przypadku gdy z realizacją przedsięwzięcia realizowanego na gruncie stanowiącym własność inwestora lub wobec którego inwestor ma prawo użytkowania wieczystego jest związane zawarcie umowy, o której mowa w art. 5 ust. 2 pkt 1 ustawy, informacja o wartości rynkowej gruntu stanowiącego własność lub będącego w użytkowaniu wieczystym inwestora, na którym jest realizowane przedsięwzięcie, wynikająca z aktualnego operatu szacunkowego sporządzonego zgodnie z przepisami ustawy z dnia 21 sierpnia 1997 r. o gospodarce nieruchomościami. | AM78: Szczegółowe informacje odnośnie zasady wyceny wartości gruntu na którym jest realizowane przedsięwzięcie dla celów zwiększenia kwoty finansowego wsparcia udzielanego na podstawie art. 5 ustawy tj. dla przedsięwzięć dotyczących tworzenia lokali na wynajem znajdują się w odpowiedzi na pytanie 33 na stronie internetowej programu -> https://www.bgk.pl/programy-i-fundusze/programy/bezzwrotne-wsparcie-budownictwa-z-funduszu-doplat/#c19560:~:text=Zasady%20wyceny%20warto%C5%9Bci,pkt%201)%20Ustawy.
B79: Informacja o wartości gruntu stanowiącego własność lub prawo użytkowania wieczystego inwestora, na którym jest realizowane przedsięwzięcie, wynikająca z aktualnego operatu szacunkowego
B80: Jednocześnie oświadczam, że podana wartość gruntu została określona zgodnie z poniższymi zasadami. W przypadku realizacji przedsięwzięcia na podstawie art. 5 ustawy beneficjentowi wsparcia przysługuje prawo do podwyższenie wsparcia o maksymalnie 10% kosztów przedsięwzięcia, jeżeli to przedsięwzięcie jest realizowane na gruncie stanowiącym własność lub będącym w użytkowaniu wieczystym inwestora, ale nie więcej niż o wartość gruntu, na którym realizowane jest przedsięwzięcie. Przedsięwzięcie stanowi budynek/budynki wraz z zagospodarowaniem terenu, w części dotyczącej mieszkań na wynajem, objętych jednym wnioskiem o udzielenie wsparcia. Grunt na którym jest realizowane przedsięwzięcie odpowiada obszarowi zagospodarowania terenu określonemu w dokumentacji projektowej (w projekcie zagospodarowania terenu) w przypadku, gdy budynek/ki wraz z zagospodarowaniem terenu dotyczą w całości mieszkań na wynajem. W przypadku, gdy : - przedsięwzięcie nie dotyczy wszystkich budynków objętych dokumentacją projektową, - przedsięwzięcie nie dotyczy pełnego zakresu zagospodarowania terenu objętego dokumentacją projektową (np. z zakresu przedsięwzięcia konieczne jest wyłączenie części realizowanych stanowisk postojowych lub garaży znajdujących się w budynkach mieszkalnych i garażach wielopoziomowych, wykraczających ponad minimalną liczbę wynikającą z ustaleń miejscowego planu zagospodarowania przestrzennego albo decyzji o warunkach zabudowy oraz przypadającą na finansowanie w ramach przedsięwzięcia lokale mieszkalne), - w projektowanym budynku/ach są pomieszczenia nie objęte przedsięwzięciem (np. mieszkania inne niż na wynajem, lokale użytkowe) - obszar zagospodarowania terenu dla przedsięwzięcia określony w dokumentacji projektowej jest mniejszy niż działka/działki w granicach ewidencyjnych (występuje to m.in. przy inwestycjach realizowanych etapami) zleceniodawca (Inwestor) zlecając rzeczoznawcy majątkowemu sporządzenie wyceny gruntu określa odpowiednio, mając na uwadze powyższe wyłączenia, wielkość obszaru, na którym jest realizowane przedsięwzięcie (w mkw. lub proc. pow. działki/działek budowlanych w granicach ewidencyjnych) Wartość gruntu winna być określona w operacie szacunkowym sporządzonym zgodnie z przepisami ustawy z dnia 21 sierpnia 1997 r. o gospodarce nieruchomościami.
B81: Przepis art. 6aa ustawy z dnia 8 grudnia 2006 r. o finansowym wsparciu niektórych przedsięwzięć mieszkaniowych (Dz.U. 2024 poz. 304 z późn. zm.) stanowi, że w przypadku przedsięwzięć, o których mowa w art. 3 ust. 1 pkt 1 oraz w art. 5 ust. 1 pkt 1, finansowego wsparcia udziela się, jeżeli wartość wskaźnika rocznego zapotrzebowania na nieodnawialną energię pierwotną EP w budynku powstałym w ramach przedsięwzięcia nie przekracza 52 kWh/(m2·rok). W art. 8. ust. 1 ustawy z dnia 29 września 2022 r. o zmianie niektórych ustaw wspierających poprawę warunków mieszkaniowych (Dz.U. 2022 poz. 2456), zostały wprowadzone wyjątki od stosowania art. 6aa ww. ustawy, stanowiące że do przedsięwzięć, o których mowa w art. 3 ust. 1 pkt 1 oraz w art. 5 ust. 1 pkt 1 ustawy zmienianej w art. 5, dla których przed dniem 1 stycznia 2024 r.: 1) wszczęto co najmniej jedno postępowanie o zamówienie publiczne na prace projektowe albo na podstawie umowy rozpoczęto prace projektowe lub 2) została wydana decyzja o warunkach zabudowy i zagospodarowania terenu lub wszczęto postępowanie o jej wydanie, lub 3) inwestor złożył wniosek o wydanie pozwolenia na budowę albo posiada pozwolenie na budowę, lub 4) zostało dokonane zgłoszenie budowy lub innych robót budowlanych, w przypadku gdy nie jest wymagane uzyskanie pozwolenia na budowę – nie stosuje się przepisu art. 6aa ustawy zmienianej w art. 5.
B82: Przepis art. 8. ust. 2 ustawy z dnia 29 września 2022 r. o zmianie niektórych ustaw wspierających poprawę warunków mieszkaniowych, stanowi że w przypadku przedsięwzięć, o których mowa w art. 5 ust. 1 pkt 1 ustawy zmienianej w art. 5, spełniających warunek, o którym mowa w art. 8 ust. 1 ww. ustawy, stosuje się: 1) art. 13 ust. 1 pkt 1 ustawy zmienianej w art. 5 w brzmieniu nadanym niniejszą ustawą (wysokość finansowego wsparcia na realizację przedsięwzięcia nie może przekroczyć 45% kosztów przedsięwzięcia (…) w części przekraczającej 35% kosztów przedsięwzięcia pokrywany jest do wysokości odpowiadającej wartości prawa własności albo prawa użytkowania wieczystego gruntu będącego we władaniu inwestora, na którym realizowane jest przedsięwzięcie), jeżeli wartość wskaźnika rocznego zapotrzebowania na nieodnawialną energię pierwotną EP w budynku powstałym w ramach przedsięwzięcia nie przekracza 52 kWh/(m2 ·rok); 2) art. 13 ust. 1 pkt 1 ustawy zmienianej w art. 5 w brzmieniu dotychczasowym (wysokość finansowego wsparcia na realizację przedsięwzięcia nie może przekroczyć 35% kosztów przedsięwzięcia (…) w części przekraczającej 25% kosztów przedsięwzięcia pokrywany jest do wysokości odpowiadającej wartości prawa własności albo prawa użytkowania wieczystego gruntu będącego we władaniu inwestora, na którym realizowane jest przedsięwzięcie), jeżeli wartość wskaźnika rocznego zapotrzebowania na nieodnawialną energię pierwotną EP w budynku powstałym w ramach przedsięwzięcia przekracza 52 kWh/(m2 ·rok).
B83: Wprowadź wartość wskaźnika rocznego zapotrzebowania na nieodnawialną energię pierwotną EP kWh/(m2·rok) dla realizowanego budynku - informacja dla każdego budynku, jeżeli wartości EP dla poszczególnych budynków są różne.
B84: Jeżeli wartość wskaźnika rocznego zapotrzebowania na nieodnawialną energię pierwotną EP kWh/(m2·rok) dla realizowanego budynku przekracza 52 kWh/(m2·rok), wybierz jedno z oświadczeń, potwierdzając rozpoczęcie jednej z czynności przed dniem 1 stycznia 2024 r.
A86: III. | B86: Rodzaj przedsięwzięcia (należy wskazać właściwe)
A87: A. Budowa budynku.
AM88: Wybierz nie dotyczy lub dla przedsięwzięć mieszanych właściwe w zakresie art. 5
A89: IV. | B89: Rodzaj i wielkość zasobu powstającego lub zmodernizowanego w wyniku przedsięwzięcia
A90: E. Liczba lokali mieszkalnych na wynajem tworzonych z udziałem gminy albo związku międzygminnego w wyniku realizacji inwestycji przez inwestora, w przypadku gdy z realizacją przedsięwzięcia jest związane zawarcie umowy, o której mowa w art. 5 ust. 2 pkt 1 ustawy.
A92: K. Liczba lokali mieszkalnych realizowanych w ramach programu „Za życiem” o których mowa w art. 13 ust. 4 ustawy.
A93: =IF(A116=Słowniki!X3,0,0) -> 0
A94: L. Liczba lokali mieszkalnych dla osób starszych, o których mowa w art. 5b ustawy.
A96: V. | B96: A. Charakterystyka przedsięwzięcia określonego w art. 5 ustawy
A97: C. W przypadku tworzenia lokali mieszkalnych na wynajem, powstających w wyniku realizacji przez inwestora innego niż gmina albo związek międzygminny budowy budynku, remontu lub przebudowy budynku lub jego części:
A98: 1) adres/adresy nieruchomości - miejscowość, ulica, numer porządkowy budynku. W przypadku gdy miejscowość nie posiada nazwy ulicy prośba o wprowadzenie informacji o braku ulic w danej miejscowości. W przypadku gdy budynek nie mam nadanego numeru porządkowego budynku prośba o wprowadzenie informacji, że budynek nie mam nadanego numeru porządkowego budynku. W związku z brakiem numeru porządkowego budynku należy w ramach adresu wskazać numery działek ewidencyjnych na których budynek będzie realizowany oraz informację o oznaczeniu budynku wg dokumentacji budowlanej oraz informację o etapie w którym jest realizowany budynek. Dane należy wskazać dla wszystkich budynków objętych wnioskiem.
A99: miejscowość | I99: nazwa ulicy [wprowadź nazwę ulicy lub informację brak ulicy] | T99: numer porządkowy budynku [wprowadź numer porządkowy budynku lub informację braku tego numeru] | AE99: numer działki ewidencyjnej | AK99: oznaczenie budynku wg dokumentacji budowlanej oraz informacja o etapie w którym jest realizowany budynek
AM100: W przypadku większej ilości budynków wprowadź wszystkie adresy poprzez dodanie kolejnego wiersza. Stań kursorem na wierszu poniżej, kliknij prawym klawiszem myszki Wstaw. Następnie zaznacz wiersz z prawidłowym formatowaniem kliknij Malarz formatów i zaznacz kolumne którą będziesz formatował.
A101: 2) liczba lokali mieszkalnych na wynajem w budynku tworzonych z udziałem gminy albo związku międzygminnego
A102: =A91 -> 0
A103: 4) liczba wszystkich lokali mieszkalnych w budynku
A105: 5) łączna powierzchnia użytkowa lokali mieszkalnych, tworzonych w ramach przedsięwzięcia [m²] | AM105: Obliczona zgodnie z art. 2 ust. 2 ustawy z dnia 21 czerwca 2001 r. o ochronie praw lokatorów, mieszkaniowym zasobie gminy i o zmianie Kodeksu cywilnego (Dz. U. z 2023 r. poz. 725).
A107: 6) łączna powierzchnia użytkowa przeznaczona na zaspokajanie potrzeb osób starszych, nieobejmująca powierzchni użytkowej lokali mieszkalnych dla seniorów [m²] | AM107: Obliczona zgodnie z art. 2 ust. 2 ustawy z dnia 21 czerwca 2001 r. o ochronie praw lokatorów, mieszkaniowym zasobie gminy i o zmianie Kodeksu cywilnego (Dz. U. z 2023 r. poz. 725).
A109: 7) łączna powierzchnia użytkowa lokali znajdujących się lub powstających w budynku, nieobjętych finansowym wsparciem [m²] | AM109: Obliczona zgodnie z art. 2 ust. 2 ustawy z dnia 21 czerwca 2001 r. o ochronie praw lokatorów, mieszkaniowym zasobie gminy i o zmianie Kodeksu cywilnego (Dz. U. z 2023 r. poz. 725).
A111: VI. Dodatkowe informacje o przedsięwzięciu
A112: A. Informacja, czy przedsięwzięcie jest realizowane zgodnie z zasadami określonymi w art. 7 ustawy.
A113: Przedsięwzięcie jest realizowane zgodnie z zasadami określonymi w art. 7 ustawy.
A114: C. Informacja, czy przedsięwzięcie jest realizowane przy udziale finansowania zwrotnego, o którym mowa w art. 15a ust. 1 ustawy z dnia 26 października 1995 r. o społecznych formach rozwoju mieszkalnictwa, i czy wysokość środków publicznych przekazanych inwestorowi na tworzenie lokali mieszkalnych na wynajem z udziałem gminy albo związku międzygminnego z tytułu finansowego wsparcia udzielanego na zasadach określonych w ustawie oraz finansowania zwrotnego nie przekracza dopuszczalnej wysokości rekompensaty, o której mowa w art. 5 ust 5 ustawy – w przypadku gdy z realizacją przedsięwzięcia jest związane zawarcie umowy, o której mowa w art. 5 ust. 2 pkt 1 ustawy.
A116: D. Informacja, czy w lokalach mieszkalnych pozyskanych przy udziale finansowego wsparcia na podstawie ustawy zostanie zainstalowane wyposażenie, o którym mowa w art. 6b ustawy (z wyłączeniem przedsięwzięć, o których mowa w art. 3 ust. 3 ustawy), ze wskazaniem przyczyny braku jego instalacji.
A117: W lokalach mieszkalnych pozyskanych przy udziale finansowego wsparcia na podstawie ustawy zostanie zainstalowane wyposażenie, o którym mowa w art. 6b ustawy.
A118: E. Informacja, czy przedsięwzięcie zostało zakończone przed dniem złożenia wniosku, o którym mowa w art. 8 ust. 1 ustawy (z wyłączeniem przedsięwzięć, o których mowa w art. 3 ust. 1 pkt 5 i 6 oraz art. 4a ust. 1 pkt 3 ustawy).
A119: Przedsięwzięcie nie zostało zakończone przed dniem złożenia wniosku, o którym mowa w art. 8 ust. 1 ustawy.
A120: ZB. W przypadku przedsięwzięć, o których mowa w art. 3 ust. 1 pkt 1, art. 4 ust. 1 pkt 1, art. 4a ust. 1 pkt 1 i art. 5 ust. 1 pkt 1 ustawy, informacje o:
A121: 1) numerze działek ewidencyjnych, na których będą budowane budynki wraz ze związanymi z nimi obiektami i urządzeniami w ramach przedsięwzięcia
A122: 2) liczbie budynków, przewidzianych do realizacji w ramach przedsięwzięcia
A123: 3) liczbie kondygnacji w budynkach przewidzianych w ramach przedsięwzięcia, w tym kondygnacji naziemnych i podziemnych (w przypadku różnej liczby kondygnacji, należy wskazać je dla każdego budynku osobno) | AA123: ilość kondygnacji nadziemnych
...

Sheet Wniosek art 5a budowa
A1: Proszę wypełnić niebieskie pola, brak wypełnienia niebieskich pól może spowodować wezwanie do uzupełnienia wniosku, co wydłuży okres rozpatrzenia wniosku.
A2: Żółte pola wypełnią się automatycznie.
AM3: Uwagi, komentarze przydatne przy wypełnianiu wniosku
H4: =TODAY() -> 46184
A5: miejscowość | H5: data wniosku
A7: Wybierz właściwe | G7: Nowy wniosek | Q7: Korekta wniosku
A8: Jeżeli składasz korektę wniosku wpisz numer pisma z wezwania do uzupełnienia | AM8: Wpisz nie dotyczy jeżeli skąłdasz nowy wniosek
A9: Szanowni Państwo, przesyłając nowy wniosek w tytule sprawy (w piśmie przewodnim lub technicznym przesyłanym poprzez ePUAP/e-doręczenia wraz z wnioskiem) proszę wpisywać treść „nowy wniosek”, a jeśli przesyłana jest korekta wniosku proszę wpisać „korekta wniosku dla sprawy numer (…)”. Numer sprawy to znak pisma – wezwania do uzupełnienia. Przesyłana korespondencja do banku poprzez ePUAP lub przez e-doręczenia powinna dotyczyć jednej sprawy. Taki sposób oznakowania korespondencji pozwoli nam usprawnić obsługę Państwa wniosków. Dziękujemy za stosowanie się do powyższego.
A12: Wniosek o udzielenie wsparcia finansowego z Funduszu Dopłat w ramach realizacji przez
A13: Bank Gospodarstwa Krajowego rządowego programu budownictwa komunalnego
A14: zgodnie z przepisami ustawy z dnia 8 grudnia 2006 r. o finansowym wsparciu niektórych przedsięwzięć mieszkaniowych (t.j. Dz.U. 2024 poz. 304 z późn. zm.)
A16: I. Dane Wnioskodawcy
A17: A. | B17: Beneficjent wsparcia
A19: B. | B19: Nazwa | AM19: Nazwa wnioskodawcy powinna być zgodna z bazą REGON
A21: C. | B21: Adres wnioskodawcy [kod pocztowy, nazwa miejscowości, nazwa ulicy, numer porządkowy budynku, numer lokalu] zgodnie z nazwami miejscowości i ulicy w Rejestrze TERYT | AM21: Weryfikacji poprawności adresu można dokonać na stronie internetowej -> https://eteryt.stat.gov.pl/eTeryt/rejestr_teryt/udostepnianie_danych/baza_teryt/uzytkownicy_indywidualni/wyszukiwanie/wyszukiwanie.aspx?contrast=default
B23: Adres do doręczeń elektronicznych, o których mowa w ustawie z dnia 18 listopada 2020 r. o doręczeniach elektronicznych (Dz. U. z 2024 r. poz. 1045 i 1841). Adres do doręczeń można sprawdzić klikając w link. | AM23: Najczęściej zadawane pytania i odpowiedzi o e-Doręczeniach
A25: D. | B25: Numer identyfikacji podatkowej NIP | W25: Numer identyfikacyjny REGON | AM25: Numer NIP i numer REGON powinny być zgodne z bazą regon przypisaną do nazwy wnioskodacy
A27: E. | B27: Dane służbowe osoby bezpośrednio prowadzącej sprawę
B28: Imię i nazwisko/ nr telefonu
B30: Adres poczty elektronicznej/nr faksu
B32: Imię i nazwisko/ nr telefonu (opcjonalnie)
AM33: Wybierz nie dotyczy jeżeli, sprawę prowadzi jedna osoba
B34: Adres poczty elektronicznej/nr faksu (opcjonalnie)
AM35: Wybierz nie dotyczy jeżeli, sprawę prowadzi jedna osoba
A36: F. | B36: Nazwa inwestora
B38: Adres inwestora | Y38: Adres inwestora do doręczeń elektronicznych, o których mowa w ustawie z dnia 18 listopada 2020 r. o doręczeniach elektronicznych.
B40: Numer identyfikacji podatkowej NIP inwestora | W40: Numer identyfikacyjny REGON inwestora
B42: Numer KRS - dla podmiotów innych niż gmina, powiat lub związek międzygminny inwestora | AM42: Numer KRS powinien być zgodny z bazą KRS dla inwestora
A44: G. | B44: Numer rachunku bankowego lub rachunku prowadzonego przez spółdzielczą kasę oszczędnościowo-kredytową beneficjenta wsparcia, na który zostanie przekazane finansowe wsparcie.
T45: {=LEFT(B45,2)&" "&_xlfn.TEXTJOIN(" ",,MID(B45,{3,7,11,15,19,23},4))}
A46: II. | B46: Dane dotyczące realizowanego przedsięwzięcia
A47: A. | B47: Wnioskowana kwota finansowego wsparcia (zł)
B48: =T162 -> #DIV/0! | AM48: Kliknij "tutaj" i przejdź do wypełnienia zestawienia kosztów
A49: B. | B49: Przewidywana data rozpoczęcia realizacji przedsięwzięcia /Data rozpoczęcia realizacji przedsięwzięcia (dzień, miesiąc (słownie) i rok). Dla przedsięwzięć, o których mowa w art. 5 ust. 1 pkt 1 i pkt 2 lit. a poprzez rozpoczęcie realizacji przedsięwzięcia rozumie się datę zawarcia umowy, o której mowa w art. 5 ust. 2 pkt 1. Data ta jest zbieżna z datą wskazywaną w pkt VI.ZC.
AM50: Przez rozpoczęcie realizacji przedsięwzięcia rozumie się zawarcie, umowy o której mowa w art. 5 ust. 2, przy czym rozpoczęcie przedsięwzięcia może nastąpić przed lub po podpisaniu Umowy o finansowe wsparcie pomiędzy Gminą z BGK, której zawarcie następuje po pozytywnym rozpatrzeniu wniosku o finansowe wsparcie
A51: C. | B51: Przewidywana data zakończenia realizacji przedsięwzięcia (dzień, miesiąc (słownie) i rok).
AM52: Przez zakończenie realizacji przedsięwzięcia rozumie się sytuację, w której, zgodnie z odrębnymi przepisami, można przystąpić do użytkowania lokali mieszkalnych lub budynków pozyskanych w wyniku przedsięwzięcia
A53: E. | B53: Przewidywana struktura finansowania przedsięwzięcia, z podziałem na | AM53: Maksymalne finansowe wsparcie nie może przekroczyć:
B54: Wyszczególnienie | Z54: Ogółem (brutto) | AK54: Udział [%] | AM54: do 80% w przypadku BB lokali mieszkalnych z prawem gminy do podnajmowania art. 5a
B55: Środki własne inwestora | AK55: =Z55/Z$60 -> #DIV/0!
B56: Środki własne beneficjenta wsparcia | AK56: =Z56/Z$60 -> #DIV/0!
B57: Wsparcie finansowe na podstawie ustawy | Z57: =B48 -> #DIV/0! | AK57: =Z57/Z$60 -> #DIV/0!
B58: Wsparcie ze środków RFRM | AK58: =Z58/Z$60 -> #DIV/0! | AM58: wsparcie ze środków Rządowego Funduszu Rozwoju Mieszkalnictwa, udzielone na podstawie art. 33l ustawy z dnia 26 października 1995 r. o społecznych formach rozwoju mieszkalnictwa (Dz. U. z 2025 r. poz. 1273) w brzmieniu obowiązującym w dniu 21 sierpnia 2025 r.
B59: Inne źródła | AK59: =Z59/Z$60 -> #DIV/0!
B60: Łącznie | Z60: =SUM(Z55+Z56+Z57+Z58+Z59) -> #DIV/0! | AK60: =SUM(AK55+AK56+AK57+AK58+AK59) -> #DIV/0! | AM60: Łącznie powinno zsumować się na kwalifikowany koszt przedsięwzięcia
A61: F. | B61: W przypadku przedsięwzięć realizowanych na podstawie art. 3 ust. 1 pkt 1, art. 4 ust. 1 pkt 1, art. 4a ust. 1 pkt 1, art. 5 ust. 1 pkt 1 i art. 5c ustawy, informacje o dokumentach potwierdzających prawo do prowadzenia robót budowlanych:
B62: 1) jeżeli planowany zakres robót wymaga pozwolenia na budowę lub zezwolenia na realizację inwestycji drogowej – informacje o organie, który wydał decyzję, dacie wydania decyzji i jej numerze, dacie ostateczności lub wykonalności decyzji oraz o danych podmiotu, na który została wydana decyzja
B63: Organ który wydał decyzję
B64: Data wydania decyzji
B65: Numer decyzji
B66: Data ostateczności lub wykonalności decyzji
B67: Dane podmiotu, na który została wydana decyzja [nazwa podmiotu, numer Regon]
B68: 2) jeżeli planowany zakres robót wymaga zgłoszenia, o którym mowa w art. 30 lub w art. 71 ust. 2 ustawy z dnia 7 lipca 1994 r. – Prawo budowlane (Dz. U. z 2025 r. poz. 418, 1080, 1535 i 1673) – informacje o dacie zgłoszenia, dacie i numerze zaświadczenia organu administracji architektoniczno-budowlanej o braku podstaw do wniesienia sprzeciwu, o którym mowa w art. 30 ust. 5aa i art. 71 ust. 4c ustawy z dnia 7 lipca 1994 r. – Prawo budowlane, albo zaświadczenia organu administracji architektoniczno-budowlanej o niewniesieniu w terminie sprzeciwu wobec zgłoszenia oraz informacja o organie, który to zaświadczenie wydał, oraz o danych podmiotu zgłaszającego.
B69: Data zgłoszenia
B70: Data i numer zaświadczenia organu administracji o braku podstaw do wniesienia sprzeciwu
B71: Data i numer zaświadczenia organu administracji architektoniczno-budowlanej o niewniesieniu w terminie sprzeciwu wobec zgłoszenia
B72: Organ który zaświadczenie wydał
B73: Dane podmiotu zgłaszającego [nazwa podmiotu zgłaszającego, numer Regon]
... B76: Jeżeli wartość wskaźnika rocznego zapotrzebowania na nieodnawialną energię pierwotną EP kWh/(m2·rok) dla realizowanego budynku przekracza 52 kWh/(m2·rok), wybierz jedno z oświadczeń, potwierdzając rozpoczęcie jednej z czynności przed dniem 1 stycznia 2024 r.
A78: III. | B78: Rodzaj przedsięwzięcia (należy wskazać właściwe)
A79: A. Budowa budynku.
AM80: Wybierz nie dotyczy lub dla przedsięwzięć mieszanych właściwe w zakresie art. 5a
A81: IV. | B81: Rodzaj i wielkość zasobu powstającego lub zmodernizowanego w wyniku przedsięwzięcia
A82: D. Liczba mieszkań pozyskiwanych w wyniku realizacji inwestycji przez społeczną inicjatywę mieszkaniową albo spółkę gminną, gdy z realizacją przedsięwzięcia jest związane zawarcie umowy, o której mowa w art. 5 ust. 2 pkt 1 ustawy, w przypadku, o którym mowa w art. 5a ust. 1 ustawy: 1) mieszkania przeznaczone do podnajmowania osobom spełniającym warunki otrzymania lokalu wchodzącego w skład mieszkaniowego zasobu gminy. | AM82: Uwaga: rodzaj zasobu mieszkania treningowe i wspomagane są innym rodzajem zasobu niż mieszkania przeznaczone do podnajmowania osobom spełniającym warunki otrzymania lokalu wchodzącego w skład mieszkaniowego zasobu gminy i należy je wskazywać oddzielnie w pkt IV wniosku. Jeżeli wnioskujesz tylko o realizację rodzaju zasobu mieszkania treningowe lub wspomagane w sekcji IV.A. Liczba mieszkań przeznaczonych do podnajmowania osobom spełniającym warunki otrzymania lokalu wchodzącego w skład mieszkaniowego zasobu gminy (…) wpisz 0, a w sekcji IV.B. Liczba mieszkań treningowych lub wspomaganych wprowadź właściwe wartości. Wprowadzenie w sekcji IV.A. Liczba mieszkań przeznaczonych do podnajmowania osobom spełniającym warunki otrzymania lokalu wchodzącego w skład mieszkaniowego zasobu gminy (…) pomimo braku ich realizacji prowadzi do nieprawidłowości.
A84: 2) Liczba mieszkań wspomaganych. | T84: 2) Liczba mieszkań treningowych.
A86: Łączna liczba mieszkań przeznaczonych do podnajmowania osobom spełniającym warunki otrzymania lokalu wchodzącego w skład mieszkaniowego zasobu gminy oraz liczby mieszkań wspomaganych i treningowych. | AM86: Zweryfikuj czy łączna liczba zasobu jest zgodna z zamierzeniami inwestycyjnymi.
A87: =A83+A85+T85 -> 0
A88: K. Liczba lokali mieszkalnych realizowanych w ramach programu „Za życiem”.
A90: L. Liczba lokali mieszkalnych dla osób starszych, o których mowa w art. 5b ustawy.
A92: V. | B92: A. Charakterystyka przedsięwzięcia określonego w art. 5a ustawy
A93: C. W przypadku tworzenia lokali mieszkalnych na wynajem, powstających w wyniku realizacji przez inwestora innego niż gmina albo związek międzygminny budowy budynku, remontu lub przebudowy budynku lub jego części:
A94: 1) adres/adresy nieruchomości - miejscowość, ulica, numer porządkowy budynku. W przypadku gdy miejscowość nie posiada nazwy ulicy prośba o wprowadzenie informacji o braku ulic w danej miejscowości. W przypadku gdy budynek nie mam nadanego numeru porządkowego budynku prośba o wprowadzenie informacji, że budynek nie mam nadanego numeru porządkowego budynku. W związku z brakiem numeru porządkowego budynku należy w ramach adresu wskazać numery działek ewidencyjnych na których budynek będzie realizowany oraz informację o oznaczeniu budynku wg dokumentacji budowlanej oraz informację o etapie w którym jest realizowany budynek. Dane należy wskazać dla wszystkich budynków objętych wnioskiem.
A95: miejscowość | I95: nazwa ulicy [wprowadź nazwę ulicy lub informację brak ulicy] | T95: numer porządkowy budynku [wprowadź numer porządkowy budynku lub informację braku tego numeru] | AE95: numer działki ewidencyjnej | AK95: oznaczenie budynku wg dokumentacji budowlanej oraz informacja o etapie w którym jest realizowany budynek
AM96: W przypadku większej ilości budynków wprowadź wszystkie adresy poprzez dodanie kolejnego wiersza. Stań kursorem na wierszu poniżej, kliknij prawym klawiszem myszki Wstaw. Następnie zaznacz wiersz z prawidłowym formatowaniem kliknij Malarz formatów i zaznacz kolumne którą będziesz formatował.
A97: 2) liczba lokali mieszkalnych na wynajem w budynku tworzonych z udziałem gminy albo związku międzygminnego
A98: =A83 -> 0
A99: 3) liczba tworzonych mieszkań treningowych lub wspomaganych w budynku
A100: =SUM(A85:AL85) -> 0
A101: 4) liczba wszystkich lokali mieszkalnych w budynku
A103: 5) łączna powierzchnia użytkowa lokali mieszkalnych, tworzonych w ramach przedsięwzięcia [m²] | AM103: Obliczona zgodnie z art. 2 ust. 2 ustawy z dnia 21 czerwca 2001 r. o ochronie praw lokatorów, mieszkaniowym zasobie gminy i o zmianie Kodeksu cywilnego (Dz. U. z 2023 r. poz. 725).
A105: 6) łączna powierzchnia użytkowa przeznaczona na zaspokajanie potrzeb osób starszych, nieobejmująca powierzchni użytkowej lokali mieszkalnych dla seniorów [m²] | AM105: Obliczona zgodnie z art. 2 ust. 2 ustawy z dnia 21 czerwca 2001 r. o ochronie praw lokatorów, mieszkaniowym zasobie gminy i o zmianie Kodeksu cywilnego (Dz. U. z 2023 r. poz. 725).
A107: 7) łączna powierzchnia użytkowa lokali znajdujących się lub powstających w budynku, nieobjętych finansowym wsparciem [m²]
A109: VI. Dodatkowe informacje o przedsięwzięciu
A110: A. Informacja, czy przedsięwzięcie jest realizowane zgodnie z zasadami określonymi w art. 7 ustawy.
A111: Przedsięwzięcie jest realizowane zgodnie z zasadami określonymi w art. 7 ustawy.
A112: B. Informacja, czy przedsięwzięcie nie jest realizowane przy udziale finansowania zwrotnego, o którym mowa w art. 15a ust. 1 ustawy z dnia 26 października 1995 r. o społecznych formach rozwoju mieszkalnictwa – w przypadku gdy z realizacją przedsięwzięcia jest związane zawarcie umowy, o której mowa w art. 5 ust. 2 pkt 1 ustawy, w przypadku, o którym mowa w art. 5a ust. 1 ustawy.
A113: Informuję, że przedsięwzięcie nie jest realizowane przy udziale finansowania zwrotnego, o którym mowa w art. 15a ust. 1 ustawy z dnia 26 października 1995 r. o społecznych formach rozwoju mieszkalnictwa.
A114: D. Informacja, czy w lokalach mieszkalnych pozyskanych przy udziale finansowego wsparcia na podstawie ustawy zostanie zainstalowane wyposażenie, o którym mowa w art. 6b ustawy (z wyłączeniem przedsięwzięć, o których mowa w art. 3 ust. 3 ustawy), ze wskazaniem przyczyny braku jego instalacji.
A115: W lokalach mieszkalnych pozyskanych przy udziale finansowego wsparcia na podstawie ustawy zostanie zainstalowane wyposażenie, o którym mowa w art. 6b ustawy.
A116: E. Informacja, czy przedsięwzięcie zostało zakończone przed dniem złożenia wniosku, o którym mowa w art. 8 ust. 1 ustawy (z wyłączeniem przedsięwzięć, o których mowa w art. 3 ust. 1 pkt 5 i 6 oraz art. 4a ust. 1 pkt 3 ustawy).
A117: Przedsięwzięcie nie zostało zakończone przed dniem złożenia wniosku, o którym mowa w art. 8 ust. 1 ustawy.
A118: ZB. W przypadku przedsięwzięć, o których mowa w art. 3 ust. 1 pkt 1, art. 4 ust. 1 pkt 1, art. 4a ust. 1 pkt 1 i art. 5 ust. 1 pkt 1 ustawy, informacje o:
A119: 1) numerze działek ewidencyjnych, na których będą budowane budynki wraz ze związanymi z nimi obiektami i urządzeniami w ramach przedsięwzięcia
A120: 2) liczbie budynków, przewidzianych do realizacji w ramach przedsięwzięcia
A121: 3) liczbie kondygnacji w budynkach przewidzianych w ramach przedsięwzięcia, w tym kondygnacji naziemnych i podziemnych (w przypadku różnej liczby kondygnacji, należy wskazać je dla każdego budynku osobno) | AA121: ilość kondygnacji nadziemnych
AA122: ilość kondygnacji poddziemnych
A123: 4) tym, czy w każdym budynku oraz każdej wydzielonej w pionie odrębnej części budynku zaprojektowano dźwig przystosowany do przewozu mebli, chorych na noszach i osób niepełnosprawnych (jeżeli nie w każdym – należy wskazać, w których budynkach zostały zaprojektowane i w jakiej liczbie)
A124: 5) łącznej liczbie realizowanych stanowisk postojowych lub garaży znajdujących się w budynkach mieszkalnych i wielopoziomowych, w tym przypadających na lokale mieszkalne objęte wnioskiem | AA124: realizowane
AA125: objęte wnioskiem
A126: 6) minimalnej liczbie stanowisk i garaży, o których mowa w pkt 5, wynikającej z ustaleń miejscowego planu zagospodarowania przestrzennego albo decyzji o warunkach zabudowy, w tym przypadających na lokale mieszkalne objęte wnioskiem. | AA126: realizowane
...

Sheet Wnioski art 5 inne
A1: Proszę wypełnić niebieskie pola, brak wypełnienia niebieskich pól może spowodować wezwanie do uzupełnienia wniosku, co wydłuży okres rozpatrzenia wniosku.
A2: Żółte pola wypełnią się automatycznie.
AM3: Uwagi, komentarze przydatne przy wypełnianiu wniosku
H4: =TODAY() -> 46184
A5: miejscowość | H5: data wniosku
A7: Wybierz właściwe | G7: Nowy wniosek | Q7: Korekta wniosku
A8: Jeżeli składasz korektę wniosku wpisz numer pisma z wezwania do uzupełnienia | AM8: Wpisz nie dotyczy jeżeli skąłdasz nowy wniosek
A9: Szanowni Państwo, przesyłając nowy wniosek w tytule sprawy (w piśmie przewodnim lub technicznym przesyłanym poprzez ePUAP/e-doręczenia wraz z wnioskiem) proszę wpisywać treść „nowy wniosek”, a jeśli przesyłana jest korekta wniosku proszę wpisać „korekta wniosku dla sprawy numer (…)”. Numer sprawy to znak pisma – wezwania do uzupełnienia. Przesyłana korespondencja do banku poprzez ePUAP lub przez e-doręczenia powinna dotyczyć jednej sprawy. Taki sposób oznakowania korespondencji pozwoli nam usprawnić obsługę Państwa wniosków. Dziękujemy za stosowanie się do powyższego.
A11: Wniosek o udzielenie wsparcia finansowego z Funduszu Dopłat w ramach realizacji przez
A12: Bank Gospodarstwa Krajowego rządowego programu budownictwa komunalnego
A13: zgodnie z przepisami ustawy z dnia 8 grudnia 2006 r. o finansowym wsparciu niektórych przedsięwzięć mieszkaniowych (t.j. Dz.U. 2024 poz. 304 z późn. zm.)
A15: I. Dane Wnioskodawcy
A16: A. | B16: Beneficjent wsparcia
A18: B. | B18: Nazwa | AM18: Nazwa wnioskodawcy powinna być zgodna z bazą REGON
A20: C. | B20: Adres wnioskodawcy [kod pocztowy, nazwa miejscowości, nazwa ulicy, numer porządkowy budynku, numer lokalu] zgodnie z nazwami miejscowości i ulicy w Rejestrze TERYT | AM20: Weryfikacji poprawności adresu można dokonać na stronie internetowej -> https://eteryt.stat.gov.pl/eTeryt/rejestr_teryt/udostepnianie_danych/baza_teryt/uzytkownicy_indywidualni/wyszukiwanie/wyszukiwanie.aspx?contrast=default
B22: Adres do doręczeń elektronicznych, o których mowa w ustawie z dnia 18 listopada 2020 r. o doręczeniach elektronicznych (Dz. U. z 2024 r. poz. 1045 i 1841). Adres do doręczeń można sprawdzić klikając w link. | AM22: Najczęściej zadawane pytania i odpowiedzi o e-Doręczeniach
A24: D. | B24: Numer identyfikacji podatkowej NIP | W24: Numer identyfikacyjny REGON | AM24: Numer NIP i numer REGON powinny być zgodne z bazą regon przypisaną do nazwy wnioskodacy
A26: E. | B26: Dane służbowe osoby bezpośrednio prowadzącej sprawę
B27: Imię i nazwisko/ nr telefonu
B29: Adres poczty elektronicznej/nr faksu
B31: Imię i nazwisko/ nr telefonu (opcjonalnie)
AM32: Wybierz nie dotyczy jeżeli, sprawę prowadzi jedna osoba
B33: Adres poczty elektronicznej/nr faksu (opcjonalnie)
AM34: Wybierz nie dotyczy jeżeli, sprawę prowadzi jedna osoba
A35: F. | B35: Nazwa inwestora
B37: Adres inwestora | Y37: Adres inwestora do doręczeń elektronicznych, o których mowa w ustawie z dnia 18 listopada 2020 r. o doręczeniach elektronicznych.
B39: Numer identyfikacji podatkowej NIP inwestora | W39: Numer identyfikacyjny REGON inwestora
B41: Numer KRS - dla podmiotów innych niż gmina, powiat lub związek międzygminny inwestora | AM41: Numer KRS powinien być zgodny z bazą KRS dla inwestora
A43: G. | B43: Numer rachunku bankowego lub rachunku prowadzonego przez spółdzielczą kasę oszczędnościowo-kredytową beneficjenta wsparcia, na który zostanie przekazane finansowe wsparcie.
T44: {=LEFT(B44,2)&" "&_xlfn.TEXTJOIN(" ",,MID(B44,{3,7,11,15,19,23},4))}
A45: II. | B45: Dane dotyczące realizowanego przedsięwzięcia
A46: A. | B46: Wnioskowana kwota finansowego wsparcia (zł)
B47: =IF(T156+Z58>ROUNDDOWN(45%*AK150,2),ROUNDDOWN(45%*AK150-Z58,2),T156) -> #DIV/0! | AM47: Kliknij "tutaj" i przejdź do wypełnienia zestawienia kosztów
A48: C. | B48: Przewidywana data rozpoczęcia realizacji przedsięwzięcia /Data rozpoczęcia realizacji przedsięwzięcia (dzień, miesiąc (słownie) i rok). Dla przedsięwzięć, o których mowa w art. 5 ust. 1 pkt 1 i pkt 2 lit. a poprzez rozpoczęcie realizacji przedsięwzięcia rozumie się datę zawarcia umowy, o której mowa w art. 5 ust. 2 pkt 1. Data ta jest zbieżna z datą wskazywaną w pkt VI.ZC.
AM49: Przez rozpoczęcie realizacji przedsięwzięcia rozumie się zawarcie, umowy o której mowa w art. 5 ust. 2, przy czym rozpoczęcie przedsięwzięcia może nastąpić przed lub po podpisaniu Umowy o finansowe wsparcie pomiędzy Gminą z BGK, której zawarcie następuje po pozytywnym rozpatrzeniu wniosku o finansowe wsparcie
A50: D. | B50: Przewidywana data zakończenia realizacji przedsięwzięcia (dzień, miesiąc (słownie) i rok).
AM51: Przez zakończenie realizacji przedsięwzięcia rozumie się sytuację, w której, zgodnie z odrębnymi przepisami, można przystąpić do użytkowania lokali mieszkalnych lub budynków pozyskanych w wyniku przedsięwzięcia
A52: E. | B52: Przewidywana struktura finansowania przedsięwzięcia, z podziałem na | AM52: Maksymalne finansowe wsparcie nie może przekroczyć:
B53: Wyszczególnienie | Z53: Ogółem | AK53: Udział [%] | AM53: do 25% lub 35% w przypadku BB/RPBn/ZSUB lokali mieszkalnych przeznaczonych na wynajem art. 5
B54: Środki własne inwestora | AK54: =Z54/Z$60 -> #DIV/0!
B55: Wartość gruntu inwestora (własność albo prawo użytkowania wieczystego gruntu) wynikająca z aktualnego operatu szacunkowego | Z55: =S64 -> 0 | AK55: =Z55/Z$60 -> #DIV/0! | AM55: Wartość gruntu stanowiącego własność inwestora albo prawa użytkowania wieczystego gruntu będącego we władaniu inwestora, na którym realizowane jest przedsięwzięcie, w przypadku gdy z realizacją przedsięwzięcia jest związane zawarcie umowy, o której mowa w art. 5 ust. 2 ustawy
B56: Środki własne beneficjenta wsparcia | AK56: =Z56/Z$60 -> #DIV/0! | AM56: do 80% w przypadku BB/RPBn lokali mieszkalnych z prawem gminy do podnajmowania art. 5a
B57: Wsparcie finansowe na podstawie ustawy | Z57: =B47 -> #DIV/0! | AK57: =Z57/Z$60 -> #DIV/0! | AM57: oraz dodatkowo 5 %, w przypadku przedsięwzięć, w których nie mniej niż 5 % lokali mieszkalnych przeznaczonych będzie dla rodzin wg ustawy o wsparciu kobiet i rodzin "za życiem" lub w przypadku przedsięwzięcia, o którym mowa w art. 15 ust. 1 pkt 5 lit. a ustawy o rewitalizacji, w przypadkach bez finansowania zwrotnego
B58: Wsparcie ze środków RFRM | AK58: =Z58/Z$60 -> #DIV/0! | AM58: wsparcie ze środków Rządowego Funduszu Rozwoju Mieszkalnictwa, udzielone na podstawie art. 33l ustawy z dnia 26 października 1995 r. o społecznych formach rozwoju mieszkalnictwa (Dz. U. z 2025 r. poz. 1273) w brzmieniu obowiązującym w dniu 21 sierpnia 2025 r.
B59: Inne źródła | AK59: =Z59/Z$60 -> #DIV/0! | AM59: Między innymi preferencyjny kredyt z programu wspierania społecznego budownictwa czynszowego, partycypacja przyszłych najemców, itp.
B60: Łącznie (bez wartości gruntu ) | Z60: =SUM(Z54+Z56+Z57+Z58+Z59) -> #DIV/0! | AK60: =SUM(AK54+AK56+AK57+AK58+AK59) -> #DIV/0! | AM60: Łącznie powinno zsumować się na kwalifikowany koszt przedsięwzięcia
A61: Dopuszczalna łączna kwota udzielonego gminie finansowego wsparcia, o którym mowa w art. 5 ust. 1 pkt 1 i pkt 2 lit. a, oraz wsparcia udzielonego ze środków zlikwidowanego Rządowego Funduszu Rozwoju Mieszkalnictwa na sfinansowanie części lub całości działania polegającego na objęciu udziałów lub akcji w istniejącej SIM, która przed dniem objęcia tych udziałów lub akcji prowadziła działalność na terenie tej gminy, nie może przekroczyć 45 % kosztów przedsięwzięcia wynoszących. | Z61: =ROUNDDOWN(AK150*45%,2) -> 0 | AK61: =Z61/AK150 -> #DIV/0!
A62: Łączna kwota udzielonego gminie finansowego wsparcia, o którym mowa w art. 5 ust. 1 pkt 1 i pkt 2 lit. a, oraz wsparcia udzielonego ze środków zlikwidowanego Rządowego Funduszu Rozwoju Mieszkalnictwa na sfinansowanie części lub całości działania polegającego na objęciu udziałów lub akcji w istniejącej SIM, która przed dniem objęcia tych udziałów lub akcji prowadziła działalność na terenie tej gminy, nie może przekroczyć 45 % kosztów przedsięwzięcia wynoszących. | Z62: =Z57+Z58 -> #DIV/0! | AK62: =Z62/AK150 -> #DIV/0!
A63: J. | B63: W przypadku gdy z realizacją przedsięwzięcia realizowanego na gruncie stanowiącym własność inwestora lub wobec którego inwestor ma prawo użytkowania wieczystego jest związane zawarcie umowy, o której mowa w art. 5 ust. 2 pkt 1 ustawy, informacja o wartości rynkowej gruntu stanowiącego własność lub będącego w użytkowaniu wieczystym inwestora, na którym jest realizowane przedsięwzięcie, wynikająca z aktualnego operatu szacunkowego sporządzonego zgodnie z przepisami ustawy z dnia 21 sierpnia 1997 r. o gospodarce nieruchomościami. | AM63: Szczegółowe informacje odnośnie zasady wyceny wartości gruntu na którym jest realizowane przedsięwzięcie dla celów zwiększenia kwoty finansowego wsparcia udzielanego na podstawie art. 5 ustawy tj. dla przedsięwzięć dotyczących tworzenia lokali na wynajem znajdują się w odpowiedzi na pytanie 33 na stronie internetowej programu -> https://www.bgk.pl/programy-i-fundusze/programy/bezzwrotne-wsparcie-budownictwa-z-funduszu-doplat/#c19560:~:text=Zasady%20wyceny%20warto%C5%9Bci,pkt%201)%20Ustawy.
B64: Informacja o wartości gruntu stanowiącego własność lub prawo użytkowania wieczystego inwestora, na którym jest realizowane przedsięwzięcie, wynikająca z aktualnego operatu szacunkowego
B65: Jednocześnie oświadczam, że podana wartość gruntu została określona zgodnie z poniższymi zasadami. W przypadku realizacji przedsięwzięcia na podstawie art. 5 ustawy beneficjentowi wsparcia przysługuje prawo do podwyższenie wsparcia o maksymalnie 10% kosztów przedsięwzięcia, jeżeli to przedsięwzięcie jest realizowane na gruncie stanowiącym własność lub będącym w użytkowaniu wieczystym inwestora, ale nie więcej niż o wartość gruntu, na którym realizowane jest przedsięwzięcie. Przedsięwzięcie stanowi budynek/budynki wraz z zagospodarowaniem terenu, w części dotyczącej mieszkań na wynajem, objętych jednym wnioskiem o udzielenie wsparcia. Grunt na którym jest realizowane przedsięwzięcie odpowiada obszarowi zagospodarowania terenu określonemu w dokumentacji projektowej (w projekcie zagospodarowania terenu) w przypadku, gdy budynek/ki wraz z zagospodarowaniem terenu dotyczą w całości mieszkań na wynajem. W przypadku, gdy : - przedsięwzięcie nie dotyczy wszystkich budynków objętych dokumentacją projektową, - przedsięwzięcie nie dotyczy pełnego zakresu zagospodarowania terenu objętego dokumentacją projektową (np. z zakresu przedsięwzięcia konieczne jest wyłączenie części realizowanych stanowisk postojowych lub garaży znajdujących się w budynkach mieszkalnych i garażach wielopoziomowych, wykraczających ponad minimalną liczbę wynikającą z ustaleń miejscowego planu zagospodarowania przestrzennego albo decyzji o warunkach zabudowy oraz przypadającą na finansowanie w ramach przedsięwzięcia lokale mieszkalne), - w projektowanym budynku/ach są pomieszczenia nie objęte przedsięwzięciem (np. mieszkania inne niż na wynajem, lokale użytkowe) - obszar zagospodarowania terenu dla przedsięwzięcia określony w dokumentacji projektowej jest mniejszy niż działka/działki w granicach ewidencyjnych (występuje to m.in. przy inwestycjach realizowanych etapami) zleceniodawca (Inwestor) zlecając rzeczoznawcy majątkowemu sporządzenie wyceny gruntu określa odpowiednio, mając na uwadze powyższe wyłączenia, wielkość obszaru, na którym jest realizowane przedsięwzięcie (w mkw. lub proc. pow. działki/działek budowlanych w granicach ewidencyjnych) Wartość gruntu winna być określona w operacie szacunkowym sporządzonym zgodnie z przepisami ustawy z dnia 21 sierpnia 1997 r. o gospodarce nieruchomościami.
A66: III. | B66: Rodzaj przedsięwzięcia (należy wskazać właściwe)
AM68: Wybierz nie dotyczy lub dla przedsięwzięć mieszanych właściwe w zakresie art. 5
A69: IV. | B69: Rodzaj i wielkość zasobu powstającego lub zmodernizowanego w wyniku przedsięwzięcia
A70: E. Liczba lokali mieszkalnych na wynajem tworzonych z udziałem gminy albo związku międzygminnego w wyniku realizacji inwestycji przez inwestora, w przypadku gdy z realizacją przedsięwzięcia jest związane zawarcie umowy, o której mowa w art. 5 ust. 2 pkt 1 ustawy.
A72: K. Liczba lokali mieszkalnych realizowanych w ramach programu „Za życiem” o których mowa w art. 13 ust. 4 ustawy.
A73: =IF(A96=Słowniki!X3,0,0) -> 0
A74: L. Liczba lokali mieszkalnych dla osób starszych, o których mowa w art. 5b ustawy.
A76: V. | B76: A. Charakterystyka przedsięwzięcia określonego w art. 5 lub art. 5a ustawy | AM76: Jeżeli przedsięwzięcie obejmuje remont lub przebudowę części kilku budynków – informacje należy uzupełnić o adres każdego z budynków, koszt przedsięwzięcia i powierzchnię w rozbiciu na poszczególne lokale mieszkalne znajdujące się w budynkach objętych wnioskiem, w ujęciu tabelarycznym.
A77: C. W przypadku tworzenia lokali mieszkalnych na wynajem, powstających w wyniku realizacji przez inwestora innego niż gmina albo związek międzygminny budowy budynku, remontu lub przebudowy budynku lub jego części:
A78: Lp. | B78: Adres [ Miejscowość, ulica, nr porządkowy budynku, numer lokalu] | K78: Przewidywana data zakończenia realizacji przedsięwzięcia dla danego lokalu mieszkalnego zgodnie z pkt II.D | Q78: Powierzchnia użytkowa lokalu mieszkalnego, tworzonego w ramach przedsięwzięcia [m²] | X78: Koszt przedsięwzięcia w rozbiciu na dany lokal | AF78: Powierzchnia użytkowa przeznaczona na zaspokajanie potrzeb osób starszych, nieobejmująca powierzchni użytkowej lokali mieszkalnych dla seniorów [m²] | AK78: Powierzchnia użytkowa lokali znajdujących się lub powstających w budynku, nieobjętych finansowym wsparciem [m²]
A79: 1
A80: 2
A81: 3
A82: 4
A83: 5
A84: 6
A85: 7
A86: 8
A87: 9
A88: 10
A89: 11
A90: 12
... A98: 20
A99: 21 | B99: Podsumowanie | K99: nie dotyczy | Q99: =SUM(Q79:W98) -> 0 | X99: =SUM(X79:AE98) -> 0 | AF99: =SUM(AF79:AJ98) -> 0 | AK99: =SUM(AK79:AL98) -> 0
A100: 2) liczba lokali mieszkalnych na wynajem w budynku tworzonych z udziałem gminy albo związku międzygminnego
A101: =A71 -> 0
A102: 4) liczba wszystkich lokali mieszkalnych w budynku
A104: 5) łączna powierzchnia użytkowa lokali mieszkalnych, tworzonych w ramach przedsięwzięcia [m²] | AM104: Obliczona zgodnie z art. 2 ust. 2 ustawy z dnia 21 czerwca 2001 r. o ochronie praw lokatorów, mieszkaniowym zasobie gminy i o zmianie Kodeksu cywilnego (Dz. U. z 2022 r. poz. 172, 975 i 1561).
A105: =Q99 -> 0
A106: 6) łączna powierzchnia użytkowa przeznaczona na zaspokajanie potrzeb osób starszych, nieobejmująca powierzchni użytkowej lokali mieszkalnych dla seniorów [m²] | AM106: Obliczona zgodnie z art. 2 ust. 2 ustawy z dnia 21 czerwca 2001 r. o ochronie praw lokatorów, mieszkaniowym zasobie gminy i o zmianie Kodeksu cywilnego (Dz. U. z 2023 r. poz. 725).
A107: =AF99 -> 0
A108: 7) łączna powierzchnia użytkowa lokali znajdujących się lub powstających w budynku, nieobjętych finansowym wsparciem [m²]
A109: =AK99 -> 0
A110: VI. Dodatkowe informacje o przedsięwzięciu
A111: A. Informacja, czy przedsięwzięcie jest realizowane zgodnie z zasadami określonymi w art. 7 ustawy.
A112: Przedsięwzięcie jest realizowane zgodnie z zasadami określonymi w art. 7 ustawy.
A113: C. Informacja, czy przedsięwzięcie jest realizowane przy udziale finansowania zwrotnego, o którym mowa w art. 15a ust. 1 ustawy z dnia 26 października 1995 r. o społecznych formach rozwoju mieszkalnictwa, i czy wysokość środków publicznych przekazanych inwestorowi na tworzenie lokali mieszkalnych na wynajem z udziałem gminy albo związku międzygminnego z tytułu finansowego wsparcia udzielanego na zasadach określonych w ustawie oraz finansowania zwrotnego nie przekracza dopuszczalnej wysokości rekompensaty, o której mowa w art. 5 ust 5 ustawy – w przypadku gdy z realizacją przedsięwzięcia jest związane zawarcie umowy, o której mowa w art. 5 ust. 2 pkt 1 ustawy.
A115: D. Informacja, czy w lokalach mieszkalnych pozyskanych przy udziale finansowego wsparcia na podstawie ustawy zostanie zainstalowane wyposażenie, o którym mowa w art. 6b ustawy (z wyłączeniem przedsięwzięć, o których mowa w art. 3 ust. 3 ustawy), ze wskazaniem przyczyny braku jego instalacji.
A116: W lokalach mieszkalnych pozyskanych przy udziale finansowego wsparcia na podstawie ustawy zostanie zainstalowane wyposażenie, o którym mowa w art. 6b ustawy.
A117: -----------------------------------------
A118: E. Informacja, czy przedsięwzięcie zostało zakończone przed dniem złożenia wniosku, o którym mowa w art. 8 ust. 1 ustawy (z wyłączeniem przedsięwzięć, o których mowa w art. 3 ust. 1 pkt 5 i 6 oraz art. 4a ust. 1 pkt 3 ustawy).
A119: Przedsięwzięcie nie zostało zakończone przed dniem złożenia wniosku, o którym mowa w art. 8 ust. 1 ustawy.
A120: G. Informacja o sposobie wyodrębnienia kosztów przedsięwzięcia, o których mowa w art. 14 ust. 1 ustawy, które nie podlegają sfinansowaniu w ramach danego wniosku, lub też kosztów innych niż te, o których mowa w art. 14 ust. 1 ustawy.
A122: Wskaźnik (I.) powierzchniowy, zgodny z art. 15 ww. ustawy należy zastosować - jeżeli w budynku lub części budynku, w których w wyniku realizacji przedsięwzięcia powstaną lokale mieszkalne, znajdują się lub powstaną również lokale nieobjęte finansowym wsparciem, koszty, o których mowa w art. 14 ust. 1 pkt 1 i 2 ww. ustawy, których nie można wyodrębnić jako kosztów poniesionych wyłącznie na realizację przedsięwzięcia, zalicza się do kosztów przedsięwzięcia w części odpowiadającej udziałowi powierzchni użytkowej lokali mieszkalnych, w powierzchni stanowiącej sumę powierzchni użytkowej lokali, oraz powierzchni użytkowej lokali nieobjętych finansowym wsparciem. Wartość wskaźnika równa się (liczbie wskazanej w pkt V.A.A.2/(liczbie wskazanej w pkt V.A.A.2+liczbie wskazanej w pkt V.A.A.3)). | AJ122: =IF(A121=Słowniki!C$50,ROUNDDOWN(A105/(A105+A109),4),100%) -> 1
A123: Jeżeli zastosowany ww. wskaźniki kosztowy I. nie jest wystarczający, żeby wyodrębnić wszystkie koszty niekwalifikowane opisz poniżej szczegółowo informację o sposobie wyodrębnienia tych kosztów przedsięwzięcia, o których mowa w art. 14 ust. 1 ustawy, które nie podlegają sfinansowaniu w ramach danego wniosku. Koszty te rodzajowo należy wyodrębnić w pozycji w pkt VI.F. oraz wpisać dla tych pozycji wskaźnik II. kosztowy.
A125: F. Informacja o planowanych kosztach przedsięwzięcia, o których mowa w art. 14 ust. 1 ustawy, z uwzględnieniem wartości netto i brutto oraz ze wskazaniem wysokości przyjętej stawki podatku od towarów i usług, dokumentów, na podstawie których te koszty określono (w przypadku przedsięwzięcia obejmującego remont lub przebudowę części kilku budynków w rozbiciu na poszczególne lokale mieszkalne znajdujące się w budynkach objętych wnioskiem ze wskazaniem ich adresu), a także jeżeli przedsięwzięcie obejmuje zakup, montaż lub budowę instalacji odnawialnego źródła energii, o której mowa w art. 2 pkt 13 lit. a ustawy z dnia 20 lutego 2015 r. o odnawialnych źródłach energii (Dz. U. z 2024 r. poz. 1361, z późn. zm. )), z wyłączeniem magazynu biogazu rolniczego, przyłączonej do sieci dystrybucyjnej za pośrednictwem wewnętrznej instalacji, wskazanie kosztów zakupu, montażu lub budowy tej instalacji.
A126: Lp. | B126: Wyszczególnienie rodzaju kwalifikowanego kosztu | G126: Dokumenty, na podstawie których określono koszt | L126: Adres lokalu | P126: Kwota netto [zł] | W126: Stawka Vat | AA126: Kwota brutto [zł] | AH126: Wskaźnik kosztów kwalifikowanych <0,00-100,00%> | AK126: Kwota kosztów kwalifikowanych [zł] | AM126: Uwaga: Jeżeli dana pozycja kosztów nie ma zastosowania dla Twojego przedsięwzięcia możesz edytować zakres tabeli w kolumnach dotyczących wyszczególnienia rodzaju kosztów, stawek VAT dostosowując zestawienie kosztów do zakresu rzeczowego realizowanego przedsięwzięcia i kosztów w nim występujących. W przypadku gdy zakres rzeczowy przedsięwzięcia nie uwzględnia danych kosztów i nie masz potrzeby edycji zakresu tabeli w wierszach dotyczących kwoty netto oraz wskaźniku kosztów kwalifikowanych wprowadź zero. Jeżeli w zaproponowanym zestawieniu kosztów nie jesteś w stanie odzwierciedlić indywidualnego wyszczególnienia kosztów sporządź je w własnym zakresie, a w niniejszym zestawieniu wprowadź wartości zagregowanych kosztów.
A127: 1 | B127: 2 | G127: 3 | L127: 4 | P127: 5 | W127: 6 | AA127: 5+5*6=7 | AH127: 8 | AK127: 7*8=9
A128: 1 | W128: =IF(OR(B128=Słowniki!A$46,B128=Słowniki!A$56,B128=Słowniki!A$58,,B128=Słowniki!A$59),0.08,0.23) -> 0.23 | AA128: =P128+ROUNDDOWN(P128*W128,2) -> 0 | AH128: =AJ$122 -> 1 | AK128: =ROUND(AA128*AH128,2) -> 0
...

Sheet Wnioski art 5a inne
A1: Proszę wypełnić niebieskie pola, brak wypełnienia niebieskich pól może spowodować wezwanie do uzupełnienia wniosku, co wydłuży okres rozpatrzenia wniosku.
A2: Żółte pola wypełnią się automatycznie. | AM2: Uwagi, komentarze przydatne przy wypełnianiu wniosku
H4: =TODAY() -> 46184
A5: miejscowość | H5: data wniosku
A7: Wybierz właściwe | G7: Nowy wniosek | Q7: Korekta wniosku
A8: Jeżeli składasz korektę wniosku wpisz numer pisma z wezwania do uzupełnienia | AM8: Wpisz nie dotyczy jeżeli skąłdasz nowy wniosek
A9: Szanowni Państwo, przesyłając nowy wniosek w tytule sprawy (w piśmie przewodnim lub technicznym przesyłanym poprzez ePUAP/e-doręczenia wraz z wnioskiem) proszę wpisywać treść „nowy wniosek”, a jeśli przesyłana jest korekta wniosku proszę wpisać „korekta wniosku dla sprawy numer (…)”. Numer sprawy to znak pisma – wezwania do uzupełnienia. Przesyłana korespondencja do banku poprzez ePUAP lub przez e-doręczenia powinna dotyczyć jednej sprawy. Taki sposób oznakowania korespondencji pozwoli nam usprawnić obsługę Państwa wniosków. Dziękujemy za stosowanie się do powyższego.
A11: Wniosek o udzielenie wsparcia finansowego z Funduszu Dopłat w ramach realizacji przez
A12: Bank Gospodarstwa Krajowego rządowego programu budownictwa komunalnego
A13: zgodnie z przepisami ustawy z dnia 8 grudnia 2006 r. o finansowym wsparciu niektórych przedsięwzięć mieszkaniowych (t.j. Dz.U. 2024 poz. 304 z późn. zm.)
A15: I. Dane Wnioskodawcy
A16: A. | B16: Beneficjent wsparcia
A18: B. | B18: Nazwa | AM18: Nazwa wnioskodawcy powinna być zgodna z bazą REGON
A20: C. | B20: Adres wnioskodawcy [kod pocztowy, nazwa miejscowości, nazwa ulicy, numer porządkowy budynku, numer lokalu] zgodnie z nazwami miejscowości i ulicy w Rejestrze TERYT | AM20: Weryfikacji poprawności adresu można dokonać na stronie internetowej -> https://eteryt.stat.gov.pl/eTeryt/rejestr_teryt/udostepnianie_danych/baza_teryt/uzytkownicy_indywidualni/wyszukiwanie/wyszukiwanie.aspx?contrast=default
B22: Adres do doręczeń elektronicznych, o których mowa w ustawie z dnia 18 listopada 2020 r. o doręczeniach elektronicznych (Dz. U. z 2024 r. poz. 1045 i 1841). Adres do doręczeń można sprawdzić klikając w link. | AM22: Najczęściej zadawane pytania i odpowiedzi o e-Doręczeniach
A24: D. | B24: Numer identyfikacji podatkowej NIP | W24: Numer identyfikacyjny REGON | AM24: Numer NIP i numer REGON powinny być zgodne z bazą regon przypisaną do nazwy wnioskodacy
A26: E. | B26: Dane służbowe osoby bezpośrednio prowadzącej sprawę
B27: Imię i nazwisko/ nr telefonu
B29: Adres poczty elektronicznej/nr faksu
B31: Imię i nazwisko/ nr telefonu (opcjonalnie)
AM32: Wybierz nie dotyczy jeżeli, sprawę prowadzi jedna osoba
B33: Adres poczty elektronicznej/nr faksu (opcjonalnie)
AM34: Wybierz nie dotyczy jeżeli, sprawę prowadzi jedna osoba
A35: F. | B35: Nazwa inwestora
B37: Adres inwestora | Y37: Adres inwestora do doręczeń elektronicznych, o których mowa w ustawie z dnia 18 listopada 2020 r. o doręczeniach elektronicznych.
B39: Numer identyfikacji podatkowej NIP inwestora | W39: Numer identyfikacyjny REGON inwestora
B41: Numer KRS - dla podmiotów innych niż gmina, powiat lub związek międzygminny inwestora | AM41: Numer KRS powinien być zgodny z bazą KRS dla inwestora
A43: G. | B43: Numer rachunku bankowego lub rachunku prowadzonego przez spółdzielczą kasę oszczędnościowo-kredytową beneficjenta wsparcia, na który zostanie przekazane finansowe wsparcie.
T44: {=LEFT(B44,2)&" "&_xlfn.TEXTJOIN(" ",,MID(B44,{3,7,11,15,19,23},4))}
A45: II. | B45: Dane dotyczące realizowanego przedsięwzięcia
A46: A. | B46: Wnioskowana kwota finansowego wsparcia (zł)
B47: =T154 -> 0 | AM47: Kliknij "tutaj" i przejdź do wypełnienia zestawienia kosztów
A48: C. | B48: Przewidywana data rozpoczęcia realizacji przedsięwzięcia /Data rozpoczęcia realizacji przedsięwzięcia (dzień, miesiąc (słownie) i rok). Dla przedsięwzięć, o których mowa w art. 5 ust. 1 pkt 1 i pkt 2 lit. a poprzez rozpoczęcie realizacji przedsięwzięcia rozumie się datę zawarcia umowy, o której mowa w art. 5 ust. 2 pkt 1. Data ta jest zbieżna z datą wskazywaną w pkt VI.ZC.
AM49: Przez rozpoczęcie realizacji przedsięwzięcia rozumie się zawarcie, umowy o której mowa w art. 5 ust. 2, przy czym rozpoczęcie przedsięwzięcia może nastąpić przed lub po podpisaniu Umowy o finansowe wsparcie pomiędzy Gminą z BGK, której zawarcie następuje po pozytywnym rozpatrzeniu wniosku o finansowe wsparcie
A50: D. | B50: Przewidywana data zakończenia realizacji przedsięwzięcia (dzień, miesiąc (słownie) i rok).
AM51: Przez zakończenie realizacji przedsięwzięcia rozumie się sytuację, w której, zgodnie z odrębnymi przepisami, można przystąpić do użytkowania lokali mieszkalnych lub budynków pozyskanych w wyniku przedsięwzięcia
A52: E. | B52: Przewidywana struktura finansowania przedsięwzięcia, z podziałem na | AM52: Maksymalne finansowe wsparcie nie może przekroczyć:
B53: Wyszczególnienie | Z53: Ogółem | AK53: Udział [%] | AM53: do 25% lub 35% w przypadku BB/RPBn/ZSUB lokali mieszkalnych przeznaczonych na wynajem art. 5
B54: Środki własne inwestora | AK54: =Z54/Z$59 -> #DIV/0!
B55: Środki własne beneficjenta wsparcia | AK55: =Z55/Z$59 -> #DIV/0! | AM55: do 80% w przypadku BB/RPBn/ZSUB lokali mieszkalnych z prawem gminy do podnajmowania art. 5a
B56: Wsparcie finansowe na podstawie ustawy | Z56: =B47 -> 0 | AK56: =Z56/Z$59 -> #DIV/0! | AM56: oraz dodatkowo 5 %, w przypadku przedsięwzięć, w których nie mniej niż 5 % lokali mieszkalnych przeznaczonych będzie dla rodzin wg ustawy o wsparciu kobiet i rodzin "za życiem" lub w przypadku przedsięwzięcia, o którym mowa w art. 15 ust. 1 pkt 5 lit. a ustawy o rewitalizacji, w przypadkach bez finansowania zwrotnego
B57: Wsparcie ze środków RFRM | AK57: =Z57/Z$59 -> #DIV/0! | AM57: wsparcie ze środków Rządowego Funduszu Rozwoju Mieszkalnictwa, udzielone na podstawie art. 33l ustawy z dnia 26 października 1995 r. o społecznych formach rozwoju mieszkalnictwa (Dz. U. z 2025 r. poz. 1273) w brzmieniu obowiązującym w dniu 21 sierpnia 2025 r.
B58: Inne źródła | AK58: =Z58/Z$59 -> #DIV/0!
B59: Łącznie (bez wartości gruntu ) | Z59: =SUM(Z54+Z55+Z56+Z57+Z58) -> 0 | AK59: =SUM(AK54+AK55+AK56+AK57+AK58) -> #DIV/0! | AM59: Łącznie powinno zsumować się na kwalifikowany koszt przedsięwzięcia
A60: III. | B60: Rodzaj przedsięwzięcia (należy wskazać właściwe)
AM62: Wybierz nie dotyczy lub dla przedsięwzięć mieszanych właściwe w zakresie art. 5a
A63: IV. | B63: Rodzaj i wielkość zasobu powstającego lub zmodernizowanego w wyniku przedsięwzięcia
A64: D. Liczba mieszkań pozyskiwanych w wyniku realizacji inwestycji przez społeczną inicjatywę mieszkaniową albo spółkę gminną, gdy z realizacją przedsięwzięcia jest związane zawarcie umowy, o której mowa w art. 5 ust. 2 pkt 1 ustawy, w przypadku, o którym mowa w art. 5a ust. 1 ustawy: 1) mieszkania przeznaczone do podnajmowania osobom spełniającym warunki otrzymania lokalu wchodzącego w skład mieszkaniowego zasobu gminy. | AM64: Uwaga: rodzaj zasobu mieszkania treningowe i wspomagane są innym rodzajem zasobu niż mieszkania przeznaczone do podnajmowania osobom spełniającym warunki otrzymania lokalu wchodzącego w skład mieszkaniowego zasobu gminy i należy je wskazywać oddzielnie w pkt IV wniosku. Jeżeli wnioskujesz tylko o realizację rodzaju zasobu mieszkania treningowe lub wspomagane w sekcji IV.A. Liczba mieszkań przeznaczonych do podnajmowania osobom spełniającym warunki otrzymania lokalu wchodzącego w skład mieszkaniowego zasobu gminy (…) wpisz 0, a w sekcji IV.B. Liczba mieszkań treningowych lub wspomaganych wprowadź właściwe wartości. Wprowadzenie w sekcji IV.A. Liczba mieszkań przeznaczonych do podnajmowania osobom spełniającym warunki otrzymania lokalu wchodzącego w skład mieszkaniowego zasobu gminy (…) pomimo braku ich realizacji prowadzi do nieprawidłowości.
A66: 2) Liczba mieszkań wspomaganych. | T66: 2) Liczba mieszkań treningowych.
A68: Łączna liczba mieszkań przeznaczonych do podnajmowania osobom spełniającym warunki otrzymania lokalu wchodzącego w skład mieszkaniowego zasobu gminy oraz liczby mieszkań wspomaganych i treningowych. | AM68: Zweryfikuj czy łączna liczba zasobu jest zgodna z zamierzeniami inwestycyjnymi.
A69: =A65+A67+T67 -> 0
A70: K. Liczba lokali mieszkalnych realizowanych w ramach programu „Za życiem”.
A72: L. Liczba lokali mieszkalnych dla osób starszych, o których mowa w art. 5b ustawy.
A74: V. | B74: A. Charakterystyka przedsięwzięcia określonego w art. 5 lub art. 5a ustawy | AM74: Jeżeli przedsięwzięcie obejmuje remont lub przebudowę części kilku budynków – informacje należy uzupełnić o adres każdego z budynków, koszt przedsięwzięcia i powierzchnię w rozbiciu na poszczególne lokale mieszkalne znajdujące się w budynkach objętych wnioskiem, w ujęciu tabelarycznym.
A75: C. W przypadku tworzenia lokali mieszkalnych na wynajem, powstających w wyniku realizacji przez inwestora innego niż gmina albo związek międzygminny budowy budynku, remontu lub przebudowy budynku lub jego części:
A76: Lp. | B76: Adres [ Miejscowość, ulica, nr porządkowy budynku, numer lokalu] | K76: Przewidywana data zakończenia realizacji przedsięwzięcia dla danego lokalu mieszkalnego zgodnie z pkt II.D | Q76: Powierzchnia użytkowa lokalu mieszkalnego, tworzonego w ramach przedsięwzięcia [m²] | X76: Koszt przedsięwzięcia w rozbiciu na dany lokal | AF76: Powierzchnia użytkowa przeznaczona na zaspokajanie potrzeb osób starszych, nieobejmująca powierzchni użytkowej lokali mieszkalnych dla seniorów [m²] | AK76: Powierzchnia użytkowa lokali znajdujących się lub powstających w budynku, nieobjętych finansowym wsparciem [m²]
A77: 1
A78: 2
A79: 3
A80: 4
A81: 5
A82: 6
A83: 7
A84: 8
A85: 9
A86: 10
A87: 11
A88: 12
... A96: 20
A97: 21 | B97: Podsumowanie | K97: nie dotyczy | Q97: =SUM(Q77:W96) -> 0 | X97: =SUM(X77:AE96) -> 0 | AF97: =SUM(AF77:AJ96) -> 0 | AK97: =SUM(AK77:AL96) -> 0
A98: 2) liczba lokali mieszkalnych na wynajem w budynku tworzonych z udziałem gminy albo związku międzygminnego
A99: =A65 -> 0
A100: 3) liczba tworzonych mieszkań treningowych lub wspomaganych w budynku
A101: =A67+T67 -> 0
A102: 4) liczba wszystkich lokali mieszkalnych w budynku
A104: 5) łączna powierzchnia użytkowa lokali mieszkalnych, tworzonych w ramach przedsięwzięcia [m²] | AM104: Obliczona zgodnie z art. 2 ust. 2 ustawy z dnia 21 czerwca 2001 r. o ochronie praw lokatorów, mieszkaniowym zasobie gminy i o zmianie Kodeksu cywilnego (Dz. U. z 2023 r. poz. 725).
A105: =Q97 -> 0
A106: 6) łączna powierzchnia użytkowa przeznaczona na zaspokajanie potrzeb osób starszych, nieobejmująca powierzchni użytkowej lokali mieszkalnych dla seniorów [m²] | AM106: Obliczona zgodnie z art. 2 ust. 2 ustawy z dnia 21 czerwca 2001 r. o ochronie praw lokatorów, mieszkaniowym zasobie gminy i o zmianie Kodeksu cywilnego (Dz. U. z 2023 r. poz. 725).
A107: =AF97 -> 0
A108: 7) łączna powierzchnia użytkowa lokali znajdujących się lub powstających w budynku, nieobjętych finansowym wsparciem [m²]
A109: =AK97 -> 0
A110: VI. Dodatkowe informacje o przedsięwzięciu
A111: A. Informacja, czy przedsięwzięcie jest realizowane zgodnie z zasadami określonymi w art. 7 ustawy.
A112: Przedsięwzięcie jest realizowane zgodnie z zasadami określonymi w art. 7 ustawy.
A113: B. Informacja, czy przedsięwzięcie nie jest realizowane przy udziale finansowania zwrotnego, o którym mowa w art. 15a ust. 1 ustawy z dnia 26 października 1995 r. o społecznych formach rozwoju mieszkalnictwa – w przypadku gdy z realizacją przedsięwzięcia jest związane zawarcie umowy, o której mowa w art. 5 ust. 2 pkt 1 ustawy, w przypadku, o którym mowa w art. 5a ust. 1 ustawy.
A114: Informuję, że przedsięwzięcie nie jest realizowane przy udziale finansowania zwrotnego, o którym mowa w art. 15a ust. 1 ustawy z dnia 26 października 1995 r. o społecznych formach rozwoju mieszkalnictwa.
A115: D. Informacja, czy w lokalach mieszkalnych pozyskanych przy udziale finansowego wsparcia na podstawie ustawy zostanie zainstalowane wyposażenie, o którym mowa w art. 6b ustawy (z wyłączeniem przedsięwzięć, o których mowa w art. 3 ust. 3 ustawy), ze wskazaniem przyczyny braku jego instalacji.
A116: W lokalach mieszkalnych pozyskanych przy udziale finansowego wsparcia na podstawie ustawy zostanie zainstalowane wyposażenie, o którym mowa w art. 6b ustawy.
A117: -----------------------------------
A118: E. Informacja, czy przedsięwzięcie zostało zakończone przed dniem złożenia wniosku, o którym mowa w art. 8 ust. 1 ustawy (z wyłączeniem przedsięwzięć, o których mowa w art. 3 ust. 1 pkt 5 i 6 oraz art. 4a ust. 1 pkt 3 ustawy).
A119: Przedsięwzięcie nie zostało zakończone przed dniem złożenia wniosku, o którym mowa w art. 8 ust. 1 ustawy.
A120: G. Informacja o sposobie wyodrębnienia kosztów przedsięwzięcia, o których mowa w art. 14 ust. 1 ustawy, które nie podlegają sfinansowaniu w ramach danego wniosku, lub też kosztów innych niż te, o których mowa w art. 14 ust. 1 ustawy.
A122: Wskaźnik (I.) powierzchniowy, zgodny z art. 15 ww. ustawy należy zastosować - jeżeli w budynku lub części budynku, w których w wyniku realizacji przedsięwzięcia powstaną lokale mieszkalne, znajdują się lub powstaną również lokale nieobjęte finansowym wsparciem, koszty, o których mowa w art. 14 ust. 1 pkt 1 i 2 ww. ustawy, których nie można wyodrębnić jako kosztów poniesionych wyłącznie na realizację przedsięwzięcia, zalicza się do kosztów przedsięwzięcia w części odpowiadającej udziałowi powierzchni użytkowej lokali mieszkalnych, w powierzchni stanowiącej sumę powierzchni użytkowej lokali, oraz powierzchni użytkowej lokali nieobjętych finansowym wsparciem. Wartość wskaźnika równa się (liczbie wskazanej w pkt V.A.A.2/(liczbie wskazanej w pkt V.A.A.2+liczbie wskazanej w pkt V.A.A.3)). | AJ122: =IF(A121=Słowniki!C$50,ROUNDDOWN(A105/(A105+A109),4),100%) -> 1
A123: Jeżeli zastosowany ww. wskaźniki kosztowy I. nie jest wystarczający, żeby wyodrębnić wszystkie koszty niekwalifikowane opisz poniżej szczegółowo informację o sposobie wyodrębnienia tych kosztów przedsięwzięcia, o których mowa w art. 14 ust. 1 ustawy, które nie podlegają sfinansowaniu w ramach danego wniosku. Koszty te rodzajowo należy wyodrębnić w pozycji w pkt VI.F. oraz wpisać dla tych pozycji wskaźnik II. kosztowy.
A125: F. Informacja o planowanych kosztach przedsięwzięcia, o których mowa w art. 14 ust. 1 ustawy, z uwzględnieniem wartości netto i brutto oraz ze wskazaniem wysokości przyjętej stawki podatku od towarów i usług, dokumentów, na podstawie których te koszty określono (w przypadku przedsięwzięcia obejmującego remont lub przebudowę części kilku budynków w rozbiciu na poszczególne lokale mieszkalne znajdujące się w budynkach objętych wnioskiem ze wskazaniem ich adresu), a także jeżeli przedsięwzięcie obejmuje zakup, montaż lub budowę instalacji odnawialnego źródła energii, o której mowa w art. 2 pkt 13 lit. a ustawy z dnia 20 lutego 2015 r. o odnawialnych źródłach energii (Dz. U. z 2024 r. poz. 1361, z późn. zm. )), z wyłączeniem magazynu biogazu rolniczego, przyłączonej do sieci dystrybucyjnej za pośrednictwem wewnętrznej instalacji, wskazanie kosztów zakupu, montażu lub budowy tej instalacji.
A126: Lp. | B126: Wyszczególnienie rodzaju kwalifikowanego kosztu | G126: Dokumenty, na podstawie których określono koszt | L126: Adres lokalu | P126: Kwota netto [zł] | W126: Stawka Vat | AA126: Kwota brutto [zł] | AH126: Wskaźnik kosztów kwalifikowanych <0,00-100,00%> | AK126: Kwota kosztów kwalifikowanych [zł] | AM126: Uwaga: Jeżeli dana pozycja kosztów nie ma zastosowania dla Twojego przedsięwzięcia możesz edytować zakres tabeli w kolumnach dotyczących wyszczególnienia rodzaju kosztów, stawek VAT dostosowując zestawienie kosztów do zakresu rzeczowego realizowanego przedsięwzięcia i kosztów w nim występujących. W przypadku gdy zakres rzeczowy przedsięwzięcia nie uwzględnia danych kosztów i nie masz potrzeby edycji zakresu tabeli w wierszach dotyczących kwoty netto oraz wskaźniku kosztów kwalifikowanych wprowadź zero. Jeżeli w zaproponowanym zestawieniu kosztów nie jesteś w stanie odzwierciedlić indywidualnego wyszczególnienia kosztów sporządź je w własnym zakresie, a w niniejszym zestawieniu wprowadź wartości zagregowanych kosztów.
A127: 1 | B127: 2 | G127: 3 | L127: 4 | P127: 5 | W127: 6 | AA127: 5+5*6=7 | AH127: 8 | AK127: 7*8=9
A128: 1 | W128: =IF(OR(B128=Słowniki!A$46,B128=Słowniki!A$56,B128=Słowniki!A$58,B128=Słowniki!A$59),0.08,0.23) -> 0.23 | AA128: =P128+ROUNDDOWN(P128*W128,2) -> 0 | AH128: =AJ$122 -> 1 | AK128: =ROUND(AA128*AH128,2) -> 0
A129: 2 | W129: =IF(OR(B129=Słowniki!A$46,B129=Słowniki!A$56,B129=Słowniki!A$58,B129=Słowniki!A$59),0.08,0.23) -> 0.23 | AA129: =P129+ROUNDDOWN(P129*W129,2) -> 0 | AH129: =AJ$122 -> 1 | AK129: =ROUND(AA129*AH129,2) -> 0
A130: 3 | W130: =IF(OR(B130=Słowniki!A$46,B130=Słowniki!A$56,B130=Słowniki!A$58,B130=Słowniki!A$59),0.08,0.23) -> 0.23 | AA130: =P130+ROUNDDOWN(P130*W130,2) -> 0 | AH130: =AJ$122 -> 1 | AK130: =ROUND(AA130*AH130,2) -> 0
...

Sheet Wniosek SAN
A1: Proszę wypełnić niebieskie pola, brak wypełnienia niebieskich pól może spowodować wezwanie do uzupełnienia wniosku, co wydłuży okres rozpatrzenia wniosku.
A2: Żółte pola wypełnią się automatycznie. | AM2: Uwagi, komentarze przydatne przy wypełnianiu wniosku
H4: =TODAY() -> 46184
A5: miejscowość | H5: data wniosku
A7: Wybierz właściwe | G7: Nowy wniosek | Q7: Korekta wniosku
A8: Jeżeli składasz korektę wniosku wpisz numer pisma z wezwania do uzupełnienia | AM8: Wpisz nie dotyczy jeżeli skąłdasz nowy wniosek
A9: Szanowni Państwo, przesyłając nowy wniosek w tytule sprawy (w piśmie przewodnim lub technicznym przesyłanym poprzez ePUAP/e-doręczenia wraz z wnioskiem) proszę wpisywać treść „nowy wniosek”, a jeśli przesyłana jest korekta wniosku proszę wpisać „korekta wniosku dla sprawy numer (…)”. Numer sprawy to znak pisma – wezwania do uzupełnienia. Przesyłana korespondencja do banku poprzez ePUAP lub przez e-doręczenia powinna dotyczyć jednej sprawy. Taki sposób oznakowania korespondencji pozwoli nam usprawnić obsługę Państwa wniosków. Dziękujemy za stosowanie się do powyższego.
A11: Wniosek o udzielenie wsparcia finansowego z Funduszu Dopłat w ramach realizacji przez
A12: Bank Gospodarstwa Krajowego rządowego programu budownictwa komunalnego
A13: zgodnie z przepisami ustawy z dnia 8 grudnia 2006 r. o finansowym wsparciu niektórych przedsięwzięć mieszkaniowych (t.j. Dz.U. 2024 poz. 304 z późn. zm.)
A15: I. Dane Wnioskodawcy
A16: A. | B16: Beneficjent wsparcia
A18: B. | B18: Nazwa | AM18: Nazwa wnioskodawcy powinna być zgodna z bazą REGON
A20: C. | B20: Adres wnioskodawcy [kod pocztowy, nazwa miejscowości, nazwa ulicy, numer porządkowy budynku, numer lokalu] zgodnie z nazwami miejscowości i ulicy w Rejestrze TERYT | AM20: Weryfikacji poprawności adresu można dokonać na stronie internetowej -> https://eteryt.stat.gov.pl/eTeryt/rejestr_teryt/udostepnianie_danych/baza_teryt/uzytkownicy_indywidualni/wyszukiwanie/wyszukiwanie.aspx?contrast=default
B22: Adres do doręczeń elektronicznych, o których mowa w ustawie z dnia 18 listopada 2020 r. o doręczeniach elektronicznych (Dz. U. z 2024 r. poz. 1045 i 1841). Adres do doręczeń można sprawdzić klikając w link. | AM22: Najczęściej zadawane pytania i odpowiedzi o e-Doręczeniach
A24: D. | B24: Numer identyfikacji podatkowej NIP | W24: Numer identyfikacyjny REGON | AM24: Numer NIP i numer REGON powinny być zgodne z bazą regon przypisaną do nazwy wnioskodacy
A26: E. | B26: Dane służbowe osoby bezpośrednio prowadzącej sprawę
B27: Imię i nazwisko/ nr telefonu
B29: Adres poczty elektronicznej/nr faksu
B31: Imię i nazwisko/ nr telefonu (opcjonalnie)
AM32: Wybierz nie dotyczy jeżeli, sprawę prowadzi jedna osoba
B33: Adres poczty elektronicznej/nr faksu (opcjonalnie)
AM34: Wybierz nie dotyczy jeżeli, sprawę prowadzi jedna osoba
A35: F. | B35: Nazwa inwestora
B37: Adres inwestora | Y37: Adres inwestora do doręczeń elektronicznych, o których mowa w ustawie z dnia 18 listopada 2020 r. o doręczeniach elektronicznych.
B39: Numer identyfikacji podatkowej NIP inwestora | W39: Numer identyfikacyjny REGON inwestora
B41: Numer KRS - dla podmiotów innych niż gmina, powiat lub związek międzygminny inwestora | AM41: Numer KRS powinien być zgodny z bazą KRS dla inwestora
A43: G. | B43: Numer rachunku bankowego lub rachunku prowadzonego przez spółdzielczą kasę oszczędnościowo-kredytową beneficjenta wsparcia, na który zostanie przekazane finansowe wsparcie.
T44: {=LEFT(B44,2)&" "&_xlfn.TEXTJOIN(" ",,MID(B44,{3,7,11,15,19,23},4))}
A45: II. | B45: Dane dotyczące realizowanego przedsięwzięcia
A46: A. | B46: Wnioskowana kwota finansowego wsparcia (zł)
B47: =T141 -> 0 | AM47: Kliknij "tutaj" i przejdź do wypełnienia zestawienia kosztów
A48: C. | B48: Przewidywana data rozpoczęcia realizacji przedsięwzięcia / Data rozpoczęcia realizacji przedsięwzięcia (dzień, miesiąc (słownie) i rok).
AM49: Przez rozpoczęcie realizacji przedsięwzięcia rozumie się zawarcie, umowy o której mowa w art. 5 ust. 2, przy czym rozpoczęcie przedsięwzięcia może nastąpić przed lub po podpisaniu Umowy o finansowe wsparcie pomiędzy Gminą z BGK, której zawarcie następuje po pozytywnym rozpatrzeniu wniosku o finansowe wsparcie
A50: D. | B50: Przewidywana data zakończenia realizacji przedsięwzięcia, a w przypadku przedsięwzięcia obejmującego remont lub przebudowę części budynku w rozbiciu na poszczególne lokale mieszkalne (dzień, miesiąc (słownie) i rok) - data dla lokalu którego remont zakończy się jako ostatni.
AM51: Przez zakończenie realizacji przedsięwzięcia rozumie się sytuację, w której, zgodnie z odrębnymi przepisami, można przystąpić do użytkowania lokali mieszkalnych lub budynków pozyskanych w wyniku przedsięwzięcia
A52: E. | B52: Przewidywana struktura finansowania przedsięwzięcia, z podziałem na
B53: Wyszczególnienie | Z53: Ogółem (brutto) | AK53: Udział [%]
B54: Środki własne inwestora | AK54: =Z54/Z$58 -> #DIV/0!
B55: Środki własne beneficjenta wsparcia | AK55: =Z55/Z$58 -> #DIV/0!
B56: Wsparcie finansowe na podstawie ustawy | Z56: =B47 -> 0 | AK56: =Z56/Z$58 -> #DIV/0! | AM56: oraz dodatkowo 5 %, w przypadku przedsięwzięć, w których nie mniej niż 5 % lokali mieszkalnych przeznaczonych będzie dla rodzin wg ustawy o wsparciu kobiet i rodzin "za życiem" lub w przypadku przedsięwzięcia, o którym mowa w art. 15 ust. 1 pkt 5 lit. a ustawy o rewitalizacji, w przypadkach bez finansowania zwrotnego
B57: Inne źródła | AK57: =Z57/Z$58 -> #DIV/0!
B58: Łącznie (bez wartości gruntu ) | Z58: =SUM(Z54+Z55+Z56+Z57) -> 0 | AK58: =SUM(AK54+AK55+AK56+AK57) -> #DIV/0! | AM58: Łącznie powinno zsumować się na całkowity koszt przedsięwzięcia
A59: III. | B59: Rodzaj przedsięwzięcia (należy wskazać właściwe)
A60: B. Remont budynku albo jego części.
A62: IV. | B62: Rodzaj i wielkość zasobu powstającego lub zmodernizowanego w wyniku przedsięwzięcia
A63: F. Liczba mieszkań pozyskiwanych w wyniku realizacji inwestycji przez społeczną agencję najmu, w przypadku gdy z realizacją przedsięwzięcia związane jest zawarcie umowy, o której mowa w art. 22b ustawy z dnia 26 października 1995 r. o społecznych formach rozwoju mieszkalnictwa.
A65: J. Liczba lokali mieszkalnych realizowanych w ramach programu „Za życiem”.
A66: 0
A67: V. | B67: A. Charakterystyka przedsięwzięcia określonego w art. 5 lub art. 5a ustawy | AM67: Jeżeli przedsięwzięcie obejmuje remont lub przebudowę części kilku budynków – informacje należy uzupełnić o adres każdego z budynków, koszt przedsięwzięcia i powierzchnię w rozbiciu na poszczególne lokale mieszkalne znajdujące się w budynkach objętych wnioskiem, w ujęciu tabelarycznym.
A68: C. W przypadku tworzenia lokali mieszkalnych na wynajem, powstających w wyniku realizacji przez inwestora innego niż gmina albo związek międzygminny budowy budynku, remontu lub przebudowy budynku lub jego części:
A69: Lp. | B69: Adres [ Miejscowość, ulica, nr porządkowy budynku, numer lokalu] | K69: Przewidywana data zakończenia realizacji przedsięwzięcia dla danego lokalu mieszkalnego zgodnie z pkt II.D | Q69: Powierzchnia użytkowa lokalu mieszkalnego, tworzonego w ramach przedsięwzięcia [m²] | X69: Koszt przedsięwzięcia w rozbiciu na dany lokal | AK69: Powierzchnia użytkowa lokali znajdujących się lub powstających w budynku, nieobjętych finansowym wsparciem [m²]
A70: 1
A71: 2
A72: 3
A73: 4
A74: 5
A75: 6
A76: 7
A77: 8
A78: 9
A79: 10
A80: 11
A81: 12
... A89: 20
A90: 21 | B90: Podsumowanie | K90: nie dotyczy | Q90: =SUM(Q70:W89) -> 0 | X90: =SUM(X70:AJ89) -> 0 | AK90: =SUM(AK70:AL89) -> 0
A91: 2) liczba lokali mieszkalnych na wynajem w budynku tworzonych z udziałem gminy albo związku międzygminnego
A92: =A64 -> 0
A93: 4) liczba wszystkich lokali mieszkalnych w budynku/budynkach
A95: 5) łączna powierzchnia użytkowa lokali mieszkalnych, tworzonych w ramach przedsięwzięcia [m²] | AM95: Obliczona zgodnie z art. 2 ust. 2 ustawy z dnia 21 czerwca 2001 r. o ochronie praw lokatorów, mieszkaniowym zasobie gminy i o zmianie Kodeksu cywilnego (Dz. U. z 2023 r. poz. 725).
A96: =Q90 -> 0
A97: 7) łączna powierzchnia użytkowa lokali znajdujących się lub powstających w budynku, nieobjętych finansowym wsparciem [m²]
A98: =AK90 -> 0
A99: VI. Dodatkowe informacje o przedsięwzięciu
A100: A. Informacja, czy przedsięwzięcie jest realizowane zgodnie z zasadami określonymi w art. 7 ustawy.
A101: Przedsięwzięcie jest realizowane zgodnie z zasadami określonymi w art. 7 ustawy.
A102: D. Informacja, czy w lokalach mieszkalnych pozyskanych przy udziale finansowego wsparcia na podstawie ustawy zostanie zainstalowane wyposażenie, o którym mowa w art. 6b ustawy (z wyłączeniem przedsięwzięć, o których mowa w art. 3 ust. 3 ustawy), ze wskazaniem przyczyny braku jego instalacji.
A103: W lokalach mieszkalnych pozyskanych przy udziale finansowego wsparcia na podstawie ustawy zostanie zainstalowane wyposażenie, o którym mowa w art. 6b ustawy.
A104: -------------------------------------
A105: E. Informacja, czy przedsięwzięcie zostało zakończone przed dniem złożenia wniosku, o którym mowa w art. 8 ust. 1 ustawy (z wyłączeniem przedsięwzięć, o których mowa w art. 3 ust. 1 pkt 5 i 6 oraz art. 4a ust. 1 pkt 3 ustawy).
A106: Przedsięwzięcie nie zostało zakończone przed dniem złożenia wniosku, o którym mowa w art. 8 ust. 1 ustawy.
A107: G. Informacja o sposobie wyodrębnienia kosztów przedsięwzięcia, o których mowa w art. 14 ust. 1 ustawy, które nie podlegają sfinansowaniu w ramach danego wniosku, lub też kosztów innych niż te, o których mowa w art. 14 ust. 1 ustawy.
A109: Wskaźnik (I.) powierzchniowy, zgodny z art. 15 ww. ustawy należy zastosować - jeżeli w budynku lub części budynku, w których w wyniku realizacji przedsięwzięcia powstaną lokale mieszkalne, znajdują się lub powstaną również lokale nieobjęte finansowym wsparciem, koszty, o których mowa w art. 14 ust. 1 pkt 1 i 2 ww. ustawy, których nie można wyodrębnić jako kosztów poniesionych wyłącznie na realizację przedsięwzięcia, zalicza się do kosztów przedsięwzięcia w części odpowiadającej udziałowi powierzchni użytkowej lokali mieszkalnych, w powierzchni stanowiącej sumę powierzchni użytkowej lokali, oraz powierzchni użytkowej lokali nieobjętych finansowym wsparciem. Wartość wskaźnika równa się (liczbie wskazanej w pkt V.A.A.2/(liczbie wskazanej w pkt V.A.A.2+liczbie wskazanej w pkt V.A.A.3)). | AJ109: =IF(A108=Słowniki!C$50,ROUNDDOWN(A96/(A96+A98),4),100%) -> 1
A110: Jeżeli zastosowany ww. wskaźniki kosztowy I. nie jest wystarczający, żeby wyodrębnić wszystkie koszty niekwalifikowane opisz poniżej szczegółowo informację o sposobie wyodrębnienia tych kosztów przedsięwzięcia, o których mowa w art. 14 ust. 1 ustawy, które nie podlegają sfinansowaniu w ramach danego wniosku. Koszty te rodzajowo należy wyodrębnić w pozycji w pkt VI.F. oraz wpisać dla tych pozycji wskaźnik II. kosztowy.
A112: F. Informacja o planowanych kosztach przedsięwzięcia, o których mowa w art. 14 ust. 1 ustawy, z uwzględnieniem wartości netto i brutto oraz ze wskazaniem wysokości przyjętej stawki podatku od towarów i usług, dokumentów, na podstawie których te koszty określono (w przypadku przedsięwzięcia obejmującego remont lub przebudowę części kilku budynków w rozbiciu na poszczególne lokale mieszkalne znajdujące się w budynkach objętych wnioskiem ze wskazaniem ich adresu), a także jeżeli przedsięwzięcie obejmuje zakup, montaż lub budowę instalacji odnawialnego źródła energii, o której mowa w art. 2 pkt 13 lit. a ustawy z dnia 20 lutego 2015 r. o odnawialnych źródłach energii (Dz. U. z 2024 r. poz. 1361, z późn. zm. )), z wyłączeniem magazynu biogazu rolniczego, przyłączonej do sieci dystrybucyjnej za pośrednictwem wewnętrznej instalacji, wskazanie kosztów zakupu, montażu lub budowy tej instalacji.
A113: Lp. | B113: Wyszczególnienie rodzaju kwalifikowanego kosztu | G113: Dokumenty, na podstawie których określono koszt | L113: Adres lokalu | P113: Kwota netto [zł] | W113: Stawka Vat | AA113: Kwota brutto [zł] | AH113: Wskaźnik kosztów kwalifikowanych <0,00-100,00%> | AK113: Kwota kosztów kwalifikowanych [zł] | AM113: Uwaga: Jeżeli dana pozycja kosztów nie ma zastosowania dla Twojego przedsięwzięcia możesz edytować zakres tabeli w kolumnach dotyczących wyszczególnienia rodzaju kosztów, stawek VAT dostosowując zestawienie kosztów do zakresu rzeczowego realizowanego przedsięwzięcia i kosztów w nim występujących. W przypadku gdy zakres rzeczowy przedsięwzięcia nie uwzględnia danych kosztów i nie masz potrzeby edycji zakresu tabeli w wierszach dotyczących kwoty netto oraz wskaźniku kosztów kwalifikowanych wprowadź zero. Jeżeli w zaproponowanym zestawieniu kosztów nie jesteś w stanie odzwierciedlić indywidualnego wyszczególnienia kosztów sporządź je w własnym zakresie, a w niniejszym zestawieniu wprowadź wartości zagregowanych kosztów.
A114: 1 | B114: 2 | G114: 3 | L114: 4 | P114: 5 | W114: 6 | AA114: 5+5*6=7 | AH114: 8 | AK114: 7*8=9
A115: 1 | W115: =IF(OR(B115=Słowniki!A$46,B115=Słowniki!A$56,B115=Słowniki!A$58,B115=Słowniki!A$59),0.08,0.23) -> 0.23 | AA115: =P115+ROUNDDOWN(P115*W115,2) -> 0 | AH115: =AJ$109 -> 1 | AK115: =ROUND(AA115*AH115,2) -> 0
A116: 2 | W116: =IF(OR(B116=Słowniki!A$46,B116=Słowniki!A$56,B116=Słowniki!A$58,B116=Słowniki!A$59),0.08,0.23) -> 0.23 | AA116: =P116+ROUNDDOWN(P116*W116,2) -> 0 | AH116: =AJ$109 -> 1 | AK116: =ROUND(AA116*AH116,2) -> 0
A117: 3 | W117: =IF(OR(B117=Słowniki!A$46,B117=Słowniki!A$56,B117=Słowniki!A$58,B117=Słowniki!A$59),0.08,0.23) -> 0.23 | AA117: =P117+ROUNDDOWN(P117*W117,2) -> 0 | AH117: =AJ$109 -> 1 | AK117: =ROUND(AA117*AH117,2) -> 0
A118: 4 | W118: =IF(OR(B118=Słowniki!A$46,B118=Słowniki!A$56,B118=Słowniki!A$58,B118=Słowniki!A$59),0.08,0.23) -> 0.23 | AA118: =P118+ROUNDDOWN(P118*W118,2) -> 0 | AH118: =AJ$109 -> 1 | AK118: =ROUND(AA118*AH118,2) -> 0
A119: 5 | W119: =IF(OR(B119=Słowniki!A$46,B119=Słowniki!A$56,B119=Słowniki!A$58,B119=Słowniki!A$59),0.08,0.23) -> 0.23 | AA119: =P119+ROUNDDOWN(P119*W119,2) -> 0 | AH119: =AJ$109 -> 1 | AK119: =ROUND(AA119*AH119,2) -> 0
A120: 6 | W120: =IF(OR(B120=Słowniki!A$46,B120=Słowniki!A$56,B120=Słowniki!A$58,B120=Słowniki!A$59),0.08,0.23) -> 0.23 | AA120: =P120+ROUNDDOWN(P120*W120,2) -> 0 | AH120: =AJ$109 -> 1 | AK120: =ROUND(AA120*AH120,2) -> 0
A121: 7 | W121: =IF(OR(B121=Słowniki!A$46,B121=Słowniki!A$56,B121=Słowniki!A$58,B121=Słowniki!A$59),0.08,0.23) -> 0.23 | AA121: =P121+ROUNDDOWN(P121*W121,2) -> 0 | AH121: =AJ$109 -> 1 | AK121: =ROUND(AA121*AH121,2) -> 0
A122: 8 | W122: =IF(OR(B122=Słowniki!A$46,B122=Słowniki!A$56,B122=Słowniki!A$58,B122=Słowniki!A$59),0.08,0.23) -> 0.23 | AA122: =P122+ROUNDDOWN(P122*W122,2) -> 0 | AH122: =AJ$109 -> 1 | AK122: =ROUND(AA122*AH122,2) -> 0
A123: 9 | W123: =IF(OR(B123=Słowniki!A$46,B123=Słowniki!A$56,B123=Słowniki!A$58,B123=Słowniki!A$59),0.08,0.23) -> 0.23 | AA123: =P123+ROUNDDOWN(P123*W123,2) -> 0 | AH123: =AJ$109 -> 1 | AK123: =ROUND(AA123*AH123,2) -> 0
A124: 10 | W124: =IF(OR(B124=Słowniki!A$46,B124=Słowniki!A$56,B124=Słowniki!A$58,B124=Słowniki!A$59),0.08,0.23) -> 0.23 | AA124: =P124+ROUNDDOWN(P124*W124,2) -> 0 | AH124: =AJ$109 -> 1 | AK124: =ROUND(AA124*AH124,2) -> 0
A125: 11 | W125: =IF(OR(B125=Słowniki!A$46,B125=Słowniki!A$56,B125=Słowniki!A$58,B125=Słowniki!A$59),0.08,0.23) -> 0.23 | AA125: =P125+ROUNDDOWN(P125*W125,2) -> 0 | AH125: =AJ$109 -> 1 | AK125: =ROUND(AA125*AH125,2) -> 0
A126: 12 | W126: =IF(OR(B126=Słowniki!A$46,B126=Słowniki!A$56,B126=Słowniki!A$58,B126=Słowniki!A$59),0.08,0.23) -> 0.23 | AA126: =P126+ROUNDDOWN(P126*W126,2) -> 0 | AH126: =AJ$109 -> 1 | AK126: =ROUND(AA126*AH126,2) -> 0
... A136: 22 | W136: =IF(OR(B136=Słowniki!A$46,B136=Słowniki!A$56,B136=Słowniki!A$58,B136=Słowniki!A$59),0.08,0.23) -> 0.23 | AA136: =P136+ROUNDDOWN(P136*W136,2) -> 0 | AH136: =AJ$109 -> 1 | AK136: =ROUND(AA136*AH136,2) -> 0
...

Sheet Noclegownia
A1: Proszę wypełnić niebieskie pola, brak wypełnienia niebieskich pól może spowodować wezwanie do uzupełnienia wniosku, co wydłuży okres rozpatrzenia wniosku.
A2: Żółte pola wypełnią się automatycznie.
AM3: Uwagi, komentarze przydatne przy wypełnianiu wniosku
H4: =TODAY() -> 46184
A5: miejscowość | H5: data wniosku
A7: Wybierz właściwe | G7: Nowy wniosek | Q7: Korekta wniosku
A8: Jeżeli składasz korektę wniosku wpisz numer pisma z wezwania do uzupełnienia | AM8: Wpisz nie dotyczy jeżeli skąłdasz nowy wniosek
A9: Szanowni Państwo, przesyłając nowy wniosek w tytule sprawy (w piśmie przewodnim lub technicznym przesyłanym poprzez ePUAP/e-doręczenia wraz z wnioskiem) proszę wpisywać treść „nowy wniosek”, a jeśli przesyłana jest korekta wniosku proszę wpisać „korekta wniosku dla sprawy numer (…)”. Numer sprawy to znak pisma – wezwania do uzupełnienia. Przesyłana korespondencja do banku poprzez ePUAP lub przez e-doręczenia powinna dotyczyć jednej sprawy. Taki sposób oznakowania korespondencji pozwoli nam usprawnić obsługę Państwa wniosków. Dziękujemy za stosowanie się do powyższego.
A11: Wniosek o udzielenie wsparcia finansowego z Funduszu Dopłat w ramach realizacji przez
A12: Bank Gospodarstwa Krajowego rządowego programu budownictwa komunalnego
A13: zgodnie z przepisami ustawy z dnia 8 grudnia 2006 r. o finansowym wsparciu niektórych przedsięwzięć mieszkaniowych (t.j. Dz.U. 2024 poz. 304 z późn. zm.)
A15: I. Dane Wnioskodawcy
A16: A. | B16: Beneficjent wsparcia
A18: B. | B18: Nazwa | AM18: Nazwa wnioskodawcy powinna być zgodna z bazą REGON
A20: C. | B20: Adres wnioskodawcy [kod pocztowy, nazwa miejscowości, nazwa ulicy, numer porządkowy budynku, numer lokalu] zgodnie z nazwami miejscowości i ulicy w Rejestrze TERYT | AM20: Weryfikacji poprawności adresu można dokonać na stronie internetowej -> https://eteryt.stat.gov.pl/eTeryt/rejestr_teryt/udostepnianie_danych/baza_teryt/uzytkownicy_indywidualni/wyszukiwanie/wyszukiwanie.aspx?contrast=default
B22: Adres do doręczeń elektronicznych, o których mowa w ustawie z dnia 18 listopada 2020 r. o doręczeniach elektronicznych (Dz. U. z 2024 r. poz. 1045 i 1841). Adres do doręczeń można sprawdzić klikając w link. | AM22: Najczęściej zadawane pytania i odpowiedzi o e-Doręczeniach
A24: D. | B24: Numer identyfikacji podatkowej NIP | W24: Numer identyfikacyjny REGON | AM24: Numer NIP i numer REGON powinny być zgodne z bazą regon przypisaną do nazwy wnioskodacy
B26: Numer KRS - dla podmiotów innych niż gmina, powiat lub związek międzygminny | AM26: Numer KRS powinien być zgodny z bazą KRS dla wnioskodawcy
A28: E. | B28: Dane służbowe osoby bezpośrednio prowadzącej sprawę
B29: Imię i nazwisko/ nr telefonu
B31: Adres poczty elektronicznej
B33: Imię i nazwisko/ nr telefonu (opcjonalnie)
AM34: Wybierz nie dotyczy jeżeli, sprawę prowadzi jedna osoba
B35: Adres poczty elektronicznej (opcjonalnie)
AM36: Wybierz nie dotyczy jeżeli, sprawę prowadzi jedna osoba
A37: G. | B37: Numer rachunku bankowego lub rachunku prowadzonego przez spółdzielczą kasę oszczędnościowo-kredytową beneficjenta wsparcia, na który zostanie przekazane finansowe wsparcie.
T38: {=LEFT(B38,2)&" "&_xlfn.TEXTJOIN(" ",,MID(B38,{3,7,11,15,19,23},4))}
A39: II. | B39: Dane dotyczące realizowanego przedsięwzięcia
A40: A. | B40: Wnioskowana kwota finansowego wsparcia (zł)
B41: =T141 -> #DIV/0! | AM41: Kliknij "tutaj" i przejdź do wypełnienia zestawienia kosztów
A42: C. | B42: Przewidywana data rozpoczęcia realizacji przedsięwzięcia / Data rozpoczęcia realizacji przedsięwzięcia (dzień, miesiąc (słownie) i rok).
AM43: Data rozpoczęcia realizacji przedsięwzięcia nie może być późniejsza niż okres ważności pozwolenia na budowę
A44: D. | B44: Przewidywana data zakończenia realizacji przedsięwzięcia (dzień, miesiąc (słownie) i rok).
AM45: Data zakończenie realizacji nie może być dłuższa niż 36 miesiący od przewidywanej daty rozpoczęcia przedsięwzięcia
A46: E. | B46: Przewidywana struktura finansowania przedsięwzięcia, z podziałem na
B47: Wyszczególnienie | Z47: Ogółem (brutto) | AK47: Udział [%]
B48: Środki własne beneficjenta wsparcia | AK48: =ROUND(Z48/Z$51,5) -> #DIV/0!
B49: Wsparcie finansowe na podstawie ustawy | Z49: =B$41 -> #DIV/0! | AK49: =ROUND(Z49/Z$51,5) -> #DIV/0! | AM49: Maksymalne finansowe wsparcie wynosi do 80%
B50: Inne źródła | AK50: =ROUND(Z50/Z$51,5) -> #DIV/0! | AM50: oraz dodatkowo 5 % w przypadku przedsięwzięcia, o którym mowa w art. 15 ust. 1 pkt 5 lit. a ustawy o rewitalizacji
B51: Łącznie | Z51: =SUM(Z48:AJ50) -> #DIV/0! | AK51: =SUM(AK48:AL50) -> #DIV/0! | AM51: Łącznie powinno zsumować się na kwalifikowany koszt przedsięwzięcia
A52: F. | B52: W przypadku przedsięwzięć realizowanych na podstawie art. 3 ust. 1 pkt 1, art. 4 ust. 1 pkt 1, art. 4a ust. 1 pkt 1, art. 5 ust. 1 pkt 1 i art. 5c ustawy, informacje o dokumentach potwierdzających prawo do prowadzenia robót budowlanych:
B53: 1) jeżeli planowany zakres robót wymaga pozwolenia na budowę lub zezwolenia na realizację inwestycji drogowej – informacje o organie, który wydał decyzję, dacie wydania decyzji i jej numerze, dacie ostateczności lub wykonalności decyzji oraz o danych podmiotu, na który została wydana decyzja
B54: Organ który wydał decyzję
B55: Data wydania decyzji
B56: Numer decyzji
B57: Data ostateczności lub wykonalności decyzji
B58: Dane podmiotu, na który została wydana decyzja [nazwa podmiotu, numer Regon]
B59: 2) jeżeli planowany zakres robót wymaga zgłoszenia, o którym mowa w art. 30 lub w art. 71 ust. 2 ustawy z dnia 7 lipca 1994 r. – Prawo budowlane (Dz. U. z 2025 r. poz. 418, 1080, 1535 i 1673) – informacje o dacie zgłoszenia, dacie i numerze zaświadczenia organu administracji architektoniczno-budowlanej o braku podstaw do wniesienia sprzeciwu, o którym mowa w art. 30 ust. 5aa i art. 71 ust. 4c ustawy z dnia 7 lipca 1994 r. – Prawo budowlane, albo zaświadczenia organu administracji architektoniczno-budowlanej o niewniesieniu w terminie sprzeciwu wobec zgłoszenia oraz informacja o organie, który to zaświadczenie wydał, oraz o danych podmiotu zgłaszającego.
B60: Data zgłoszenia
B61: Data i numer zaświadczenia organu administracji o braku podstaw do wniesienia sprzeciwu
B62: Data i numer zaświadczenia organu administracji architektoniczno-budowlanej o niewniesieniu w terminie sprzeciwu wobec zgłoszenia
B63: Organ który zaświadczenie wydał
B64: Dane podmiotu zgłaszającego [nazwa podmiotu zgłaszającego, numer Regon]
A65: G. | B65: W przypadku przedsięwzięć realizowanych na podstawie art. 3 ust. 1 pkt 1, art. 4 ust. 1 pkt 1, art. 4a ust. 1 pkt 1 i art. 5c ustawy, informacje o dacie rozpoczęcia przedsięwzięcia wynikającej z dziennika budowy i dacie ostatniego wpisu do dziennika budowy dokonanego przed złożeniem wniosku o finansowe wsparcie – jeżeli dla robót budowlanych wymagane jest prowadzenie dziennika budowy, a roboty budowlane zostały już rozpoczęte.
B66: Czy przedsięwzięcie rozpoczęte? [TAK/NIE]
B67: Czy prowadzenie dziennika budowy wymagane? [TAK/NIE] | AB67: TAK
B68: Data rozpoczęcia przedsięwzięcia wynikająca z dziennika budowy
B69: Data ostatniego wpisu do dziennika budowy dokonanego przed złożeniem wniosku
A70: III. | B70: Rodzaj przedsięwzięcia (należy wskazać właściwe)
A72: IV. | B72: Rodzaj i wielkość zasobu powstającego lub zmodernizowanego w wyniku przedsięwzięcia
A73: F. Liczba miejsc w noclegowniach.
A75: V. | B75: B. Charakterystyka przedsięwzięcia określonego w art. 4 ustawy
A77: 1) noclegownia:
A78: a) adres nieruchomości
A80: b) nowa powierzchnia użytkowa noclegowni w m²
A82: c) nowa powierzchnia użytkowa niestanowiąca noclegowni w m²
A84: d) nowa liczba miejsc w pomieszczeniach noclegowych
A86: e) dotychczasowa powierzchnia użytkowa noclegowni w m²
A88: f) całkowita liczba miejsc w pomieszczeniach noclegowych, po zakończeniu realizacji przedsięwzięcia
A90: 4) dostosowanie do wymagań osób ze szczególnymi potrzebami w rozumieniu art. 2 pkt 3 ustawy z dnia 19 lipca 2019 r. o zapewnianiu dostępności osobom ze szczególnymi potrzebami (Dz. U. z 2024 r. poz. 1411) (podjazdy lub platformy dla wózków, ciągi komunikacyjne w budynku wolne od barier poziomych i pionowych zapewniające dostęp na wszystkie kondygnacje użytkowe, w tym windy lub inne rozwiązania architektoniczne zwiększające dostępność architektoniczną budynku).
A92: VI. Dodatkowe informacje o przedsięwzięciu
A93: A. Informacja, czy przedsięwzięcie jest realizowane zgodnie z zasadami określonymi w art. 7 ustawy.
A94: Przedsięwzięcie jest realizowane zgodnie z zasadami określonymi w art. 7 ustawy.
A95: E. Informacja, czy przedsięwzięcie zostało zakończone przed dniem złożenia wniosku, o którym mowa w art. 8 ust. 1 ustawy (z wyłączeniem przedsięwzięć, o których mowa w art. 3 ust. 1 pkt 5 i 6 oraz art. 4a ust. 1 pkt 3 ustawy).
... A99: 2) liczbie budynków, przewidzianych do realizacji w ramach przedsięwzięcia
A100: 3) liczbie kondygnacji w budynkach przewidzianych w ramach przedsięwzięcia, w tym kondygnacji naziemnych i podziemnych (w przypadku różnej liczby kondygnacji, należy wskazać je dla każdego budynku osobno) | AA100: ilość kondygnacji nadziemnych
AA101: ilość kondygnacji poddziemnych
A102: 4) tym, czy w każdym budynku oraz każdej wydzielonej w pionie odrębnej części budynku zaprojektowano dźwig przystosowany do przewozu mebli, chorych na noszach i osób niepełnosprawnych (jeżeli nie w każdym – należy wskazać, w których budynkach zostały zaprojektowane i w jakiej liczbie)
A103: 5) łącznej liczbie realizowanych stanowisk postojowych lub garaży znajdujących się w budynkach mieszkalnych i wielopoziomowych, w tym przypadających na lokale mieszkalne objęte wnioskiem | AA103: realizowane
AA104: objęte wnioskiem
A105: 6) minimalnej liczbie stanowisk i garaży, o których mowa w pkt 5, wynikającej z ustaleń miejscowego planu zagospodarowania przestrzennego albo decyzji o warunkach zabudowy, w tym przypadających na lokale mieszkalne objęte wnioskiem. | AA105: realizowane
AA106: objęte wnioskiem
A107: G. Informacja o sposobie wyodrębnienia kosztów przedsięwzięcia, o których mowa w art. 14 ust. 1 ustawy, które nie podlegają sfinansowaniu w ramach danego wniosku, lub też kosztów innych niż te, o których mowa w art. 14 ust. 1 ustawy.
A108: Wskaźnik (I.) powierzchniowy, zgodny z art. 15 ww. ustawy należy zastosować - jeżeli w budynku lub części budynku, w których w wyniku realizacji przedsięwzięcia powstaną miejsca noclegowe, znajdują się lub powstaną również pomieszczenia lub lokale nieobjęte finansowym wsparciem, koszty, o których mowa w art. 14 ust. 1 pkt 1 i 2 ww. ustawy, których nie można wyodrębnić jako kosztów poniesionych wyłącznie na realizację przedsięwzięcia, zalicza się do kosztów przedsięwzięcia w części odpowiadającej udziałowi powierzchni użytkowej noclegowni, w powierzchni stanowiącej sumę powierzchni użytkowej noclegowni, oraz powierzchni użytkowej pomieszczeń i lokali nieobjętych finansowym wsparciem. Wartość wskaźnika równa się (liczbie wskazanej w pkt V.B.1.2)/(liczbie wskazanej w pkt V.B.1.2)+liczbie wskazanej w pkt V.B.1.3))). | AJ108: =ROUNDDOWN(A81/(A81+A83),4) -> #DIV/0!
A109: Zgodnie z art. 14 ust. 1 pkt 1 lit. a tiret drugie i ust. 2 ww. ustawy przez koszty wykonania stanowisk postojowych lub garaży znajdujących się w budynkach mieszkalnych i wielopoziomowych, rozumie się koszty wykonania stanowisk postojowych lub garaży zlokalizowanych w obrębie finansowanego przedsięwzięcia w liczbie nieprzekraczającej minimalnej liczby wynikającej z ustaleń miejscowego planu zagospodarowania przestrzennego albo decyzji o warunkach zabudowy oraz przypadającej na finansowanie w ramach przedsięwzięcia. Przedstawiamy wskaźnik kosztowy ma on zastosowanie do kosztów realizowanych stanowisk postojowych lub garaży znajdujących się w budynkach mieszkalnych i wielopoziomowych. Koszty te rodzajowo należy wyodrębnić w przynajmniej jednej pozycji (Koszty stanowisk postojowych lub garaży, Koszty hali garażowej w budynku mieszkalnym) w pkt VI.F. i zastosować wskaźnik kosztowy do realizowanych stanowisk postojowych lub garaży. W przypadku gdy w przedsięwzięciu występuje zarówno wskaźnik kosztowy realizowanych stanowisk postojowych lub garaży oraz wskaźnik powierzchniowy, zgodny z art. 15 ww. ustawy to dla pozycji kosztowej stanowiska postojowe i garaże należy zastosować iloczyn obu wskaźników. Wskaźnik (II.) kosztowy jaki należy zastosować do realizowanych stanowisk postojowych lub garaży znajdujących się w budynkach mieszkalnych i wielopoziomowych to liczba równa ilorazowi (liczby z pkt VI.ZG.6 objęte wnioskiem i liczby z pkt VI.ZG.5 realizowane). | AJ109: =ROUNDDOWN(AJ106/AJ103,4) -> #DIV/0!
A110: Jeżeli zastosowane ww. wskaźniki kosztowe I. i II. nie są wystarczające, żeby wyodrębnić wszystkie koszty niekwalifikowane opisz poniżej szczegółowo informację o sposobie wyodrębnienia tych kosztów przedsięwzięcia, o których mowa w art. 14 ust. 1 ustawy, które nie podlegają sfinansowaniu w ramach danego wniosku. Koszty te rodzajowo należy wyodrębnić w pozycji w pkt VI.F. oraz wpisać dla tych pozycji wskaźnik III. kosztowy.
A112: F. Informacja o planowanych kosztach przedsięwzięcia, o których mowa w art. 14 ust. 1 ustawy, z uwzględnieniem wartości netto i brutto oraz ze wskazaniem wysokości przyjętej stawki podatku od towarów i usług, dokumentów, na podstawie których te koszty określono (w przypadku przedsięwzięcia obejmującego remont lub przebudowę części kilku budynków w rozbiciu na poszczególne lokale mieszkalne znajdujące się w budynkach objętych wnioskiem ze wskazaniem ich adresu), a także jeżeli przedsięwzięcie obejmuje zakup, montaż lub budowę instalacji odnawialnego źródła energii, o której mowa w art. 2 pkt 13 lit. a ustawy z dnia 20 lutego 2015 r. o odnawialnych źródłach energii (Dz. U. z 2024 r. poz. 1361, z późn. zm. )), z wyłączeniem magazynu biogazu rolniczego, przyłączonej do sieci dystrybucyjnej za pośrednictwem wewnętrznej instalacji, wskazanie kosztów zakupu, montażu lub budowy tej instalacji.
A113: Lp. | B113: Wyszczególnienie rodzaju kwalifikowanego kosztu | G113: Dokumenty, na podstawie których określono koszt | L113: Kwota netto [zł] | P113: Stawka Vat | T113: VAT niepodlegający odliczeniu [%] | AA113: Kwota z VAT niepodlegajaca odliczeniu [zł] | AH113: Wskaźnik kosztów kwalifikowanych <0,00-100,00%> | AK113: Kwota kosztów kwalifikowanych [zł] | AM113: Uwaga: Jeżeli dana pozycja kosztów nie ma zastosowania dla Twojego przedsięwzięcia możesz edytować zakres tabeli w kolumnach dotyczących wyszczególnienia rodzaju kosztów, stawek VAT dostosowując zestawienie kosztów do zakresu rzeczowego realizowanego przedsięwzięcia i kosztów w nim występujących. W przypadku gdy zakres rzeczowy przedsięwzięcia nie uwzględnia danych kosztów i nie masz potrzeby edycji zakresu tabeli w wierszach dotyczących kwoty netto oraz wskaźniku kosztów kwalifikowanych wprowadź zero. Jeżeli w zaproponowanym zestawieniu kosztów nie jesteś w stanie odzwierciedlić indywidualnego wyszczególnienia kosztów sporządź je w własnym zakresie, a w niniejszym zestawieniu wprowadź wartości zagregowanych kosztów.
A114: 1 | B114: 2 | G114: 3 | L114: 4 | P114: 5 | T114: 6 | AA114: 4+4*5*6=7 | AH114: 8 | AK114: 7*8=9
A115: 1 | P115: =IF(OR(B115=Słowniki!A$46,B115=Słowniki!A$56,B115=Słowniki!A$58,B115=Słowniki!A$59),0.08,0.23) -> 0.23 | T115: 1 | AA115: =L115+ROUND(L115*P115*T115,2) -> 0 | AH115: =IF(OR(B115=Słowniki!A$57,B115=Słowniki!A$58),(AJ$108*AJ$109),AJ$108) -> #DIV/0! | AK115: =ROUND(AA115*AH115,2) -> #DIV/0!
A116: 2 | P116: =IF(OR(B116=Słowniki!A$46,B116=Słowniki!A$56,B116=Słowniki!A$58,B116=Słowniki!A$59),0.08,0.23) -> 0.23 | T116: 1 | AA116: =L116+ROUND(L116*P116*T116,2) -> 0 | AH116: =IF(OR(B116=Słowniki!A$57,B116=Słowniki!A$58),(AJ$108*AJ$109),AJ$108) -> #DIV/0! | AK116: =ROUND(AA116*AH116,2) -> #DIV/0!
A117: 3 | P117: =IF(OR(B117=Słowniki!A$46,B117=Słowniki!A$56,B117=Słowniki!A$58,B117=Słowniki!A$59),0.08,0.23) -> 0.23 | T117: 1 | AA117: =L117+ROUND(L117*P117*T117,2) -> 0 | AH117: =IF(OR(B117=Słowniki!A$57,B117=Słowniki!A$58),(AJ$108*AJ$109),AJ$108) -> #DIV/0! | AK117: =ROUND(AA117*AH117,2) -> #DIV/0!
A118: 4 | P118: =IF(OR(B118=Słowniki!A$46,B118=Słowniki!A$56,B118=Słowniki!A$58,B118=Słowniki!A$59),0.08,0.23) -> 0.23 | T118: 1 | AA118: =L118+ROUND(L118*P118*T118,2) -> 0 | AH118: =IF(OR(B118=Słowniki!A$57,B118=Słowniki!A$58),(AJ$108*AJ$109),AJ$108) -> #DIV/0! | AK118: =ROUND(AA118*AH118,2) -> #DIV/0!
A119: 5 | P119: =IF(OR(B119=Słowniki!A$46,B119=Słowniki!A$56,B119=Słowniki!A$58,B119=Słowniki!A$59),0.08,0.23) -> 0.23 | T119: 1 | AA119: =L119+ROUND(L119*P119*T119,2) -> 0 | AH119: =IF(OR(B119=Słowniki!A$57,B119=Słowniki!A$58),(AJ$108*AJ$109),AJ$108) -> #DIV/0! | AK119: =ROUND(AA119*AH119,2) -> #DIV/0!
A120: 6 | P120: =IF(OR(B120=Słowniki!A$46,B120=Słowniki!A$56,B120=Słowniki!A$58,B120=Słowniki!A$59),0.08,0.23) -> 0.23 | T120: 1 | AA120: =L120+ROUND(L120*P120*T120,2) -> 0 | AH120: =IF(OR(B120=Słowniki!A$57,B120=Słowniki!A$58),(AJ$108*AJ$109),AJ$108) -> #DIV/0! | AK120: =ROUND(AA120*AH120,2) -> #DIV/0!
A121: 7 | P121: =IF(OR(B121=Słowniki!A$46,B121=Słowniki!A$56,B121=Słowniki!A$58,B121=Słowniki!A$59),0.08,0.23) -> 0.23 | T121: 1 | AA121: =L121+ROUND(L121*P121*T121,2) -> 0 | AH121: =IF(OR(B121=Słowniki!A$57,B121=Słowniki!A$58),(AJ$108*AJ$109),AJ$108) -> #DIV/0! | AK121: =ROUND(AA121*AH121,2) -> #DIV/0!
A122: 8 | P122: =IF(OR(B122=Słowniki!A$46,B122=Słowniki!A$56,B122=Słowniki!A$58,B122=Słowniki!A$59),0.08,0.23) -> 0.23 | T122: 1 | AA122: =L122+ROUND(L122*P122*T122,2) -> 0 | AH122: =IF(OR(B122=Słowniki!A$57,B122=Słowniki!A$58),(AJ$108*AJ$109),AJ$108) -> #DIV/0! | AK122: =ROUND(AA122*AH122,2) -> #DIV/0!
A123: 9 | P123: =IF(OR(B123=Słowniki!A$46,B123=Słowniki!A$56,B123=Słowniki!A$58,B123=Słowniki!A$59),0.08,0.23) -> 0.23 | T123: 1 | AA123: =L123+ROUND(L123*P123*T123,2) -> 0 | AH123: =IF(OR(B123=Słowniki!A$57,B123=Słowniki!A$58),(AJ$108*AJ$109),AJ$108) -> #DIV/0! | AK123: =ROUND(AA123*AH123,2) -> #DIV/0!
A124: 10 | P124: =IF(OR(B124=Słowniki!A$46,B124=Słowniki!A$56,B124=Słowniki!A$58,B124=Słowniki!A$59),0.08,0.23) -> 0.23 | T124: 1 | AA124: =L124+ROUND(L124*P124*T124,2) -> 0 | AH124: =IF(OR(B124=Słowniki!A$57,B124=Słowniki!A$58),(AJ$108*AJ$109),AJ$108) -> #DIV/0! | AK124: =ROUND(AA124*AH124,2) -> #DIV/0!
A125: 11 | P125: =IF(OR(B125=Słowniki!A$46,B125=Słowniki!A$56,B125=Słowniki!A$58,B125=Słowniki!A$59),0.08,0.23) -> 0.23 | T125: 1 | AA125: =L125+ROUND(L125*P125*T125,2) -> 0 | AH125: =IF(OR(B125=Słowniki!A$57,B125=Słowniki!A$58),(AJ$108*AJ$109),AJ$108) -> #DIV/0! | AK125: =ROUND(AA125*AH125,2) -> #DIV/0!
...

Sheet Schronisko
A1: Proszę wypełnić niebieskie pola, brak wypełnienia niebieskich pól może spowodować wezwanie do uzupełnienia wniosku, co wydłuży okres rozpatrzenia wniosku.
A2: Żółte pola wypełnią się automatycznie.
AM3: Uwagi, komentarze przydatne przy wypełnianiu wniosku
H4: =TODAY() -> 46184
A5: miejscowość | H5: data wniosku
A7: Wybierz właściwe | G7: Nowy wniosek | Q7: Korekta wniosku
A8: Jeżeli składasz korektę wniosku wpisz numer pisma z wezwania do uzupełnienia | AM8: Wpisz nie dotyczy jeżeli skąłdasz nowy wniosek
A9: Szanowni Państwo, przesyłając nowy wniosek w tytule sprawy (w piśmie przewodnim lub technicznym przesyłanym poprzez ePUAP/e-doręczenia wraz z wnioskiem) proszę wpisywać treść „nowy wniosek”, a jeśli przesyłana jest korekta wniosku proszę wpisać „korekta wniosku dla sprawy numer (…)”. Numer sprawy to znak pisma – wezwania do uzupełnienia. Przesyłana korespondencja do banku poprzez ePUAP lub przez e-doręczenia powinna dotyczyć jednej sprawy. Taki sposób oznakowania korespondencji pozwoli nam usprawnić obsługę Państwa wniosków. Dziękujemy za stosowanie się do powyższego.
A11: Wniosek o udzielenie wsparcia finansowego z Funduszu Dopłat w ramach realizacji przez
A12: Bank Gospodarstwa Krajowego rządowego programu budownictwa komunalnego
A13: zgodnie z przepisami ustawy z dnia 8 grudnia 2006 r. o finansowym wsparciu niektórych przedsięwzięć mieszkaniowych (t.j. Dz.U. 2024 poz. 304 z późn. zm.)
A15: I. Dane Wnioskodawcy
A16: A. | B16: Beneficjent wsparcia
A18: B. | B18: Nazwa | AM18: Nazwa wnioskodawcy powinna być zgodna z bazą REGON
A20: C. | B20: Adres wnioskodawcy [kod pocztowy, nazwa miejscowości, nazwa ulicy, numer porządkowy budynku, numer lokalu] zgodnie z nazwami miejscowości i ulicy w Rejestrze TERYT | AM20: Weryfikacji poprawności adresu można dokonać na stronie internetowej -> https://eteryt.stat.gov.pl/eTeryt/rejestr_teryt/udostepnianie_danych/baza_teryt/uzytkownicy_indywidualni/wyszukiwanie/wyszukiwanie.aspx?contrast=default
B22: Adres do doręczeń elektronicznych, o których mowa w ustawie z dnia 18 listopada 2020 r. o doręczeniach elektronicznych (Dz. U. z 2024 r. poz. 1045 i 1841). Adres do doręczeń można sprawdzić klikając w link. | AM22: Najczęściej zadawane pytania i odpowiedzi o e-Doręczeniach
A24: D. | B24: Numer identyfikacji podatkowej NIP | W24: Numer identyfikacyjny REGON | AM24: Numer NIP i numer REGON powinny być zgodne z bazą regon przypisaną do nazwy wnioskodacy
B26: Numer KRS - dla podmiotów innych niż gmina, powiat lub związek międzygminny | AM26: Numer KRS powinien być zgodny z bazą KRS dla wnioskodawcy
A28: E. | B28: Dane służbowe osoby bezpośrednio prowadzącej sprawę
B29: Imię i nazwisko/ nr telefonu
B31: Adres poczty elektronicznej
B33: Imię i nazwisko/ nr telefonu (opcjonalnie)
AM34: Wybierz nie dotyczy jeżeli, sprawę prowadzi jedna osoba
B35: Adres poczty elektronicznej (opcjonalnie)
AM36: Wybierz nie dotyczy jeżeli, sprawę prowadzi jedna osoba
A37: G. | B37: Numer rachunku bankowego lub rachunku prowadzonego przez spółdzielczą kasę oszczędnościowo-kredytową beneficjenta wsparcia, na który zostanie przekazane finansowe wsparcie.
T38: {=LEFT(B38,2)&" "&_xlfn.TEXTJOIN(" ",,MID(B38,{3,7,11,15,19,23},4))}
A39: II. | B39: Dane dotyczące realizowanego przedsięwzięcia
A40: A. | B40: Wnioskowana kwota finansowego wsparcia (zł)
B41: =T141 -> #DIV/0! | AM41: Kliknij "tutaj" i przejdź do wypełnienia zestawienia kosztów
A42: B. | B42: Przewidywana data rozpoczęcia realizacji przedsięwzięcia / Data rozpoczęcia realizacji przedsięwzięcia (dzień, miesiąc (słownie) i rok).
AM43: Data rozpoczęcia realizacji przedsięwzięcia nie może być późniejsza niż okres ważności pozwolenia na budowę
A44: C. | B44: Przewidywana data zakończenia realizacji przedsięwzięcia (dzień, miesiąc (słownie) i rok).
AM45: Data zakończenie realizacji nie może być dłuższa niż 36 miesiący od przewidywanej daty rozpoczęcia przedsięwzięcia
A46: E. | B46: Przewidywana struktura finansowania przedsięwzięcia, z podziałem na
B47: Wyszczególnienie | Z47: Ogółem (brutto) | AK47: Udział [%]
B48: Środki własne beneficjenta wsparcia | AK48: =ROUND(Z48/Z$51,5) -> #DIV/0!
B49: Wsparcie finansowe na podstawie ustawy | Z49: =B$41 -> #DIV/0! | AK49: =ROUND(Z49/Z$51,5) -> #DIV/0! | AM49: Maksymalne finansowe wsparcie wynosi do 80%
B50: Inne źródła | AK50: =ROUND(Z50/Z$51,5) -> #DIV/0! | AM50: oraz dodatkowo 5 % w przypadku przedsięwzięcia, o którym mowa w art. 15 ust. 1 pkt 5 lit. a ustawy o rewitalizacji
B51: Łącznie | Z51: =SUM(Z48:AJ50) -> #DIV/0! | AK51: =SUM(AK48:AL50) -> #DIV/0! | AM51: Łącznie powinno zsumować się na kwalifikowany koszt przedsięwzięcia
A52: F. | B52: W przypadku przedsięwzięć realizowanych na podstawie art. 3 ust. 1 pkt 1, art. 4 ust. 1 pkt 1, art. 4a ust. 1 pkt 1, art. 5 ust. 1 pkt 1 i art. 5c ustawy, informacje o dokumentach potwierdzających prawo do prowadzenia robót budowlanych:
B53: 1) jeżeli planowany zakres robót wymaga pozwolenia na budowę lub zezwolenia na realizację inwestycji drogowej – informacje o organie, który wydał decyzję, dacie wydania decyzji i jej numerze, dacie ostateczności lub wykonalności decyzji oraz o danych podmiotu, na który została wydana decyzja
B54: Organ który wydał decyzję
B55: Data wydania decyzji
B56: Numer decyzji
B57: Data ostateczności lub wykonalności decyzji
B58: Dane podmiotu, na który została wydana decyzja [nazwa podmiotu, numer Regon]
B59: 2) jeżeli planowany zakres robót wymaga zgłoszenia, o którym mowa w art. 30 lub w art. 71 ust. 2 ustawy z dnia 7 lipca 1994 r. – Prawo budowlane (Dz. U. z 2025 r. poz. 418, 1080, 1535 i 1673) – informacje o dacie zgłoszenia, dacie i numerze zaświadczenia organu administracji architektoniczno-budowlanej o braku podstaw do wniesienia sprzeciwu, o którym mowa w art. 30 ust. 5aa i art. 71 ust. 4c ustawy z dnia 7 lipca 1994 r. – Prawo budowlane, albo zaświadczenia organu administracji architektoniczno-budowlanej o niewniesieniu w terminie sprzeciwu wobec zgłoszenia oraz informacja o organie, który to zaświadczenie wydał, oraz o danych podmiotu zgłaszającego.
B60: Data zgłoszenia
B61: Data i numer zaświadczenia organu administracji o braku podstaw do wniesienia sprzeciwu
B62: Data i numer zaświadczenia organu administracji architektoniczno-budowlanej o niewniesieniu w terminie sprzeciwu wobec zgłoszenia
B63: Organ który zaświadczenie wydał
B64: Dane podmiotu zgłaszającego [nazwa podmiotu zgłaszającego, numer Regon]
A65: G. | B65: W przypadku przedsięwzięć realizowanych na podstawie art. 3 ust. 1 pkt 1, art. 4 ust. 1 pkt 1, art. 4a ust. 1 pkt 1 i art. 5c ustawy, informacje o dacie rozpoczęcia przedsięwzięcia wynikającej z dziennika budowy i dacie ostatniego wpisu do dziennika budowy dokonanego przed złożeniem wniosku o finansowe wsparcie – jeżeli dla robót budowlanych wymagane jest prowadzenie dziennika budowy, a roboty budowlane zostały już rozpoczęte.
B66: Czy przedsięwzięcie rozpoczęte? [TAK/NIE]
B67: Czy prowadzenie dziennika budowy wymagane? [TAK/NIE] | AB67: TAK
B68: Data rozpoczęcia przedsięwzięcia wynikająca z dziennika budowy
B69: Data ostatniego wpisu do dziennika budowy dokonanego przed złożeniem wniosku
A70: III. | B70: Rodzaj przedsięwzięcia (należy wskazać właściwe)
A72: IV. | B72: Rodzaj i wielkość zasobu powstającego lub zmodernizowanego w wyniku przedsięwzięcia
A73: G. Liczba miejsc w schroniskach dla osób bezdomnych.
A75: V. | B75: B. Charakterystyka przedsięwzięcia określonego w art. 4 ustawy
A77: 2) schronisko dla osób bezdomnych:
A78: a) adres nieruchomości
A80: b) nowa powierzchnia użytkowa schroniska dla osób bezdomnych w m², w tym powierzchnia mieszkalna w m²
A82: c) nowa powierzchnia użytkowa niestanowiąca schroniska dla osób bezdomnych w m²
A84: d) nowa liczba miejsc w pomieszczeniach mieszkalnych
A86: e) dotychczasowa powierzchnia użytkowa schroniska dla osób bezdomnych w m², w tym powierzchnia mieszkalna w m²
A88: f) całkowita liczba miejsc w pomieszczeniach mieszkalnych, po zakończeniu realizacji przedsięwzięcia
A90: 4) dostosowanie do wymagań osób ze szczególnymi potrzebami w rozumieniu art. 2 pkt 3 ustawy z dnia 19 lipca 2019 r. o zapewnianiu dostępności osobom ze szczególnymi potrzebami (Dz. U. z 2024 r. poz. 1411) (podjazdy lub platformy dla wózków, ciągi komunikacyjne w budynku wolne od barier poziomych i pionowych zapewniające dostęp na wszystkie kondygnacje użytkowe, w tym windy lub inne rozwiązania architektoniczne zwiększające dostępność architektoniczną budynku).
A92: VI. Dodatkowe informacje o przedsięwzięciu
A93: A. Informacja, czy przedsięwzięcie jest realizowane zgodnie z zasadami określonymi w art. 7 ustawy.
A94: Przedsięwzięcie jest realizowane zgodnie z zasadami określonymi w art. 7 ustawy.
A95: E. Informacja, czy przedsięwzięcie zostało zakończone przed dniem złożenia wniosku, o którym mowa w art. 8 ust. 1 ustawy (z wyłączeniem przedsięwzięć, o których mowa w art. 3 ust. 1 pkt 5 i 6 oraz art. 4a ust. 1 pkt 3 ustawy).
... A99: 2) liczbie budynków, przewidzianych do realizacji w ramach przedsięwzięcia
A100: 3) liczbie kondygnacji w budynkach przewidzianych w ramach przedsięwzięcia, w tym kondygnacji naziemnych i podziemnych (w przypadku różnej liczby kondygnacji, należy wskazać je dla każdego budynku osobno) | AA100: ilość kondygnacji nadziemnych
AA101: ilość kondygnacji poddziemnych
A102: 4) tym, czy w każdym budynku oraz każdej wydzielonej w pionie odrębnej części budynku zaprojektowano dźwig przystosowany do przewozu mebli, chorych na noszach i osób niepełnosprawnych (jeżeli nie w każdym – należy wskazać, w których budynkach zostały zaprojektowane i w jakiej liczbie)
A103: 5) łącznej liczbie realizowanych stanowisk postojowych lub garaży znajdujących się w budynkach mieszkalnych i wielopoziomowych, w tym przypadających na lokale mieszkalne objęte wnioskiem | AA103: realizowane
AA104: objęte wnioskiem
A105: 6) minimalnej liczbie stanowisk i garaży, o których mowa w pkt 5, wynikającej z ustaleń miejscowego planu zagospodarowania przestrzennego albo decyzji o warunkach zabudowy, w tym przypadających na lokale mieszkalne objęte wnioskiem. | AA105: realizowane
AA106: objęte wnioskiem
A107: G. Informacja o sposobie wyodrębnienia kosztów przedsięwzięcia, o których mowa w art. 14 ust. 1 ustawy, które nie podlegają sfinansowaniu w ramach danego wniosku, lub też kosztów innych niż te, o których mowa w art. 14 ust. 1 ustawy.
A108: Wskaźnik (I.) powierzchniowy, zgodny z art. 15 ww. ustawy należy zastosować - jeżeli w budynku lub części budynku, w których w wyniku realizacji przedsięwzięcia powstaną miejsca dla osób bezdomnych, znajdują się lub powstaną również pomieszczenia lub lokale nieobjęte finansowym wsparciem, koszty, o których mowa w art. 14 ust. 1 pkt 1 i 2 ww. ustawy, których nie można wyodrębnić jako kosztów poniesionych wyłącznie na realizację przedsięwzięcia, zalicza się do kosztów przedsięwzięcia w części odpowiadającej udziałowi powierzchni użytkowej schroniska dla osób bezdomnych, w powierzchni stanowiącej sumę powierzchni użytkowej schroniska dla osób bezdomnych, oraz powierzchni użytkowej pomieszczeń i lokali nieobjętych finansowym wsparciem. Wartość wskaźnika równa się (liczbie wskazanej w pkt V.B.2.2)/(liczbie wskazanej w pkt V.B.2.2)+liczbie wskazanej w pkt V.B.2.3))). | AJ108: =ROUNDDOWN(A81/(A81+A83),4) -> #DIV/0!
A109: Zgodnie z art. 14 ust. 1 pkt 1 lit. a tiret drugie i ust. 2 ww. ustawy przez koszty wykonania stanowisk postojowych lub garaży znajdujących się w budynkach mieszkalnych i wielopoziomowych, rozumie się koszty wykonania stanowisk postojowych lub garaży zlokalizowanych w obrębie finansowanego przedsięwzięcia w liczbie nieprzekraczającej minimalnej liczby wynikającej z ustaleń miejscowego planu zagospodarowania przestrzennego albo decyzji o warunkach zabudowy oraz przypadającej na finansowanie w ramach przedsięwzięcia. Przedstawiamy wskaźnik kosztowy ma on zastosowanie do kosztów realizowanych stanowisk postojowych lub garaży znajdujących się w budynkach mieszkalnych i wielopoziomowych. Koszty te rodzajowo należy wyodrębnić w przynajmniej jednej pozycji (Koszty stanowisk postojowych lub garaży, Koszty hali garażowej w budynku mieszkalnym) w pkt VI.F. i zastosować wskaźnik kosztowy do realizowanych stanowisk postojowych lub garaży. W przypadku gdy w przedsięwzięciu występuje zarówno wskaźnik kosztowy realizowanych stanowisk postojowych lub garaży oraz wskaźnik powierzchniowy, zgodny z art. 15 ww. ustawy to dla pozycji kosztowej stanowiska postojowe i garaże należy zastosować iloczyn obu wskaźników. Wskaźnik (II.) kosztowy jaki należy zastosować do realizowanych stanowisk postojowych lub garaży znajdujących się w budynkach mieszkalnych i wielopoziomowych to liczba równa ilorazowi (liczby z pkt VI.ZG.6 objęte wnioskiem i liczby z pkt VI.ZG.5 realizowane). | AJ109: =ROUNDDOWN(AJ106/AJ103,4) -> #DIV/0!
A110: Jeżeli zastosowane ww. wskaźniki kosztowe I. i II. nie są wystarczające, żeby wyodrębnić wszystkie koszty niekwalifikowane opisz poniżej szczegółowo informację o sposobie wyodrębnienia tych kosztów przedsięwzięcia, o których mowa w art. 14 ust. 1 ustawy, które nie podlegają sfinansowaniu w ramach danego wniosku. Koszty te rodzajowo należy wyodrębnić w pozycji w pkt VI.F. oraz wpisać dla tych pozycji wskaźnik III. kosztowy.
