Workbook
Name _edn1: Słowniki!$H$5
Name _edn10: Słowniki!$J$43
Name _edn11: Słowniki!$J$44
Name _edn12: Słowniki!$J$45
Name _edn2: Słowniki!$J$35
Name _edn3: Słowniki!$J$36
Name _edn4: Słowniki!$J$37
Name _edn5: Słowniki!$J$38
Name _edn6: Słowniki!$J$39
Name _edn7: Słowniki!$J$40
Name _edn8: Słowniki!$J$41
Name _edn9: Słowniki!$J$42
Name _ednref1: Słowniki!$H$2
Name _ednref10: Słowniki!#REF!
Name _ednref11: Słowniki!#REF!
Name _ednref12: Słowniki!#REF!
Name _ednref2: Słowniki!#REF!
Name _ednref3: Słowniki!#REF!
Name _ednref4: Słowniki!#REF!
Name _ednref5: Słowniki!#REF!
Name _ednref6: Słowniki!#REF!
Name _ednref7: Słowniki!#REF!
Name _ednref8: Słowniki!#REF!
Name _ednref9: Słowniki!#REF!
Name _ftn1: Słowniki!$D$33
Name _ftnref1: Słowniki!$D$16
Name _Hlk108901557: Słowniki!$D$30
Name _Hlk53499634: Słowniki!$D$22
Name _Hlk59545887: Słowniki!$E$18
Name _Hlk63413254: Słowniki!$D$5
Name ListaRob: 'Słownik woj_powiaty'!$E$3:$F$381

Sheet Wybór
A1: Rodzaj zasobu | B1: Rodzaj przedsięwzięcia*** | C1: Beneficjent wsparcia
C2: Uczelnia publiczna
C3: Wysokość finansowego wsparcia
A4: pomieszczenia służące zaspokajaniu potrzeb mieszkaniowych studentów i doktorantów | B4: Budowa budynku | C4: 0.8
B5: Remont lub przebudowa budynku | C5: 80%*
B6: Kupnie budynku mieszkalnego albo udziału we własności budynku mieszkalnego | C6: 0.8
A8: Objaśnienia do tabeli:
A9: * 10% wysokość finansowego wsparcia podwyższa się o 10 punktów procentowych, jeżeli budynek jest wpisany do rejestru zabytków lub znajduje się na obszarze wpisanym do rejestru zabytków

Sheet Wniosek art 4a budowa
A1: Proszę wypełnić niebieskie pola, brak wypełnienia niebieskich pól może spowodować wezwanie do uzupełnienia wniosku, co wydłuży okres rozpatrzenia wniosku.
A2: Żółte pola wypełnią się automatycznie.
AM3: Uwagi, komentarze przydatne przy wypełnianiu wniosku
H4: =TODAY() -> 46059
A5: miejscowość | H5: data wniosku
A7: Wybierz właściwe | G7: Nowy wniosek | R7: Korekta wniosku
A8: Jeżeli składasz korektę wniosku wpisz numer pisma z wezwania do uzupełnienia | AM8: Wpisz nie dotyczy jeżeli skąłdasz nowy wniosek
A9: Szanowni Państwo, przesyłając nowy wniosek w tytule sprawy (w piśmie przewodnim lub technicznym przesyłanym poprzez ePUAP/e-doręczenia wraz z wnioskiem) proszę wpisywać treść „nowy wniosek”, a jeśli przesyłana jest korekta wniosku proszę wpisać „korekta wniosku dla sprawy numer (…)”. Numer sprawy to znak pisma – wezwania do uzupełnienia. Przesyłana korespondencja do banku poprzez ePUAP/e-doręczenia powinna dotyczyć jednej sprawy. Taki sposób oznakowania korespondencji pozwoli nam usprawnić obsługę Państwa wniosków. Dziękujemy za stosowanie się do powyższego.
A11: Wniosek o udzielenie wsparcia finansowego z Funduszu Dopłat w ramach realizacji przez
A12: Bank Gospodarstwa Krajowego rządowego programu budownictwa komunalnego
A13: zgodnie z przepisami ustawy z dnia 8 grudnia 2006 r. o finansowym wsparciu niektórych przedsięwzięć mieszkaniowych (t.j. Dz.U. 2024 poz. 304 z późn. zm.)
A15: I. Dane Wnioskodawcy
A16: A. | B16: Beneficjent wsparcia
B17: Uczelnia publiczna
A18: B. | B18: Nazwa | AM18: Nazwa wnioskodawcy powinna być zgodna z bazą REGON
A20: C. | B20: Adres wnioskodawcy [kod pocztowy, nazwa miejscowości, nazwa ulicy, numer porządkowy budynku, numer lokalu] zgodnie z nazwami miejscowości i ulicy w Rejestrze TERYT | AM20: Weryfikacji poprawności adresu można dokonać na stronie internetowej -> https://eteryt.stat.gov.pl/eTeryt/rejestr_teryt/udostepnianie_danych/baza_teryt/uzytkownicy_indywidualni/wyszukiwanie/wyszukiwanie.aspx?contrast=default
B22: Adres do doręczeń elektronicznych, o których mowa w ustawie z dnia 18 listopada 2020 r. o doręczeniach elektronicznych (Dz. U. z 2024 r. poz. 1045 i 1841). Adres do doręczeń można sprawdzić klikając w link. | AM22: Najczęściej zadawane pytania i odpowiedzi o e-Doręczeniach
A24: D. | B24: Numer identyfikacji podatkowej NIP | W24: Numer identyfikacyjny REGON | AM24: Numer NIP i numer REGON powinny być zgodne z bazą regon przypisaną do nazwy wnioskodacy
A26: E. | B26: Dane służbowe osoby bezpośrednio prowadzącej sprawę
B27: Imię i nazwisko/ nr telefonu
B29: Adres poczty elektronicznej
B31: Imię i nazwisko/ nr telefonu (opcjonalnie)
AM32: Wybierz nie dotyczy jeżeli, sprawę prowadzi jedna osoba
B33: Adres poczty elektronicznej (opcjonalnie)
AM34: Wybierz nie dotyczy jeżeli, sprawę prowadzi jedna osoba
A35: G. | B35: Numer rachunku bankowego lub rachunku prowadzonego przez spółdzielczą kasę oszczędnościowo-kredytową beneficjenta wsparcia, na który zostanie przekazane finansowe wsparcie.
T36: {=LEFT(B36,2)&" "&_xlfn.TEXTJOIN(" ",,MID(B36,{3,7,11,15,19,23},4))}
A37: II. | B37: Dane dotyczące realizowanego przedsięwzięcia
A38: A. | B38: Wnioskowana kwota finansowego wsparcia [zł]
B39: =T136 -> #DIV/0! | AM39: Kliknij "tutaj" i przejdź do wypełnienia zestawienia kosztów
A40: C. | B40: Przewidywana data rozpoczęcia realizacji przedsięwzięcia /Data rozpoczęcia realizacji przedsięwzięcia (dzień, miesiąc (słownie) i rok).
AM41: Data rozpoczęcia realizacji przedsięwzięcia nie może być późniejsza niż okres ważności pozwolenia na budowę
A42: D. | B42: Przewidywana data zakończenia realizacji przedsięwzięcia (dzień, miesiąc (słownie) i rok).
AM43: Data zakończenie realizacji nie może być dłuższa niż 36 miesiący od przewidywanej daty rozpoczęcia przedsięwzięcia
A44: E. | B44: Przewidywana struktura finansowania przedsięwzięcia, z podziałem na
B45: Wyszczególnienie | Z45: Ogółem (brutto) | AK45: Udział [%]
B46: Środki własne beneficjenta wsparcia | AK46: =ROUND(Z46/Z$49,5) -> #DIV/0! | AM46: Maksymalne finansowe wsparcie jest uzależnione od rodzaju przedsięwzięcia i wynosi dla budowy 80%
B47: Wsparcie finansowe na podstawie ustawy | Z47: =B$39 -> #DIV/0! | AK47: =ROUND(Z47/Z$49,5) -> #DIV/0!
B48: Inne źródła | AK48: =ROUND(Z48/Z$49,5) -> #DIV/0!
B49: Łącznie | Z49: =SUM(Z46:AJ48) -> #DIV/0! | AK49: =SUM(AK46:AL48) -> #DIV/0! | AM49: Łącznie powinno zsumować się na kwalifikowany koszt przedsięwzięcia
A50: F. | B50: W przypadku przedsięwzięć realizowanych na podstawie art. 3 ust. 1 pkt 1, art. 4 ust. 1 pkt 1, art. 4a ust. 1 pkt 1, art. 5 ust. 1 pkt 1 i art. 5c ustawy, informacje o dokumentach potwierdzających prawo do prowadzenia robót budowlanych:
B51: 1) jeżeli planowany zakres robót wymaga pozwolenia na budowę lub zezwolenia na realizację inwestycji drogowej – informacje o organie, który wydał decyzję, dacie wydania decyzji i jej numerze, dacie ostateczności lub wykonalności decyzji oraz o danych podmiotu, na który została wydana decyzja;
B52: Organ który wydał decyzję
B53: Data wydania decyzji
B54: Numer decyzji
B55: Data ostateczności lub wykonalności decyzji
B56: Dane podmiotu, na który została wydana decyzja [nazwa podmiotu, numer Regon]
B57: 2) jeżeli planowany zakres robót wymaga zgłoszenia, o którym mowa w art. 30 lub w art. 71 ust. 2 ustawy z dnia 7 lipca 1994 r. – Prawo budowlane (Dz. U. z 2025 r. poz. 418, 1080, 1535 i 1673) – informacje o dacie zgłoszenia, dacie i numerze zaświadczenia organu administracji architektoniczno-budowlanej o braku podstaw do wniesienia sprzeciwu, o którym mowa w art. 30 ust. 5aa i art. 71 ust. 4c ustawy z dnia 7 lipca 1994 r. – Prawo budowlane, albo zaświadczenia organu administracji architektoniczno-budowlanej o niewniesieniu w terminie sprzeciwu wobec zgłoszenia oraz informacja o organie, który to zaświadczenie wydał, oraz o danych podmiotu zgłaszającego.
B58: Data zgłoszenia
B59: Data i numer zaświadczenia organu administracji o braku podstaw do wniesienia sprzeciwu
B60: Data i numer zaświadczenia organu administracji architektoniczno-budowlanej o niewniesieniu w terminie sprzeciwu wobec zgłoszenia
B61: Organ który zaświadczenie wydał
B62: Dane podmiotu zgłaszającego [nazwa podmiotu zgłaszającego, numer Regon]
A63: G. | B63: W przypadku przedsięwzięć realizowanych na podstawie art. 3 ust. 1 pkt 1, art. 4 ust. 1 pkt 1, art. 4a ust. 1 pkt 1 i art. 5c ustawy, informacje o dacie rozpoczęcia przedsięwzięcia wynikającej z dziennika budowy i dacie ostatniego wpisu do dziennika budowy dokonanego przed złożeniem wniosku o finansowe wsparcie – jeżeli dla robót budowlanych wymagane jest prowadzenie dziennika budowy, a roboty budowlane zostały już rozpoczęte.
B64: Czy przedsięwzięcie rozpoczęte? [TAK/NIE] | AB64: NIE
B65: Czy prowadzenie dziennika budowy wymagane? [TAK/NIE] | AB65: TAK
B66: Data rozpoczęcia przedsięwzięcia wynikająca z dziennika budowy
B67: Data ostatniego wpisu do dziennika budowy dokonanego przed złożeniem wniosku
A68: III. | B68: Rodzaj przedsięwzięcia (należy wskazać właściwe)
A69: A. Budowa budynku.
A71: IV. | B71: Rodzaj i wielkość zasobu powstającego lub zmodernizowanego w wyniku przedsięwzięcia
A72: N. Liczba pomieszczeń służących zaspokajaniu potrzeb mieszkaniowych studentów i doktorantów oraz liczba miejsc znajdujących się w tych pomieszczeniach.
A73: Liczba pomieszczeń służących zaspokajaniu potrzeb mieszkaniowych studentów i doktorantów | T73: Liczba miejsc znajdujących się w tych pomieszczeniach
A75: V. | B75: C. Charakterystyka przedsięwzięcia określonego w art. 4a ustawy
A76: A. Budowa budynku, remont lub przebudowa budynku albo części budynku, w wyniku których zostaną utworzone lub zostaną zmodernizowane pomieszczenia służące zaspokajaniu potrzeb mieszkaniowych studentów i doktorantów:
A77: 1) adres/adresy nieruchomości - miejscowość, ulica, numer porządkowy budynku. W przypadku gdy miejscowość nie posiada nazwy ulicy prośba o wprowadzenie informacji o braku ulic w danej miejscowości. W przypadku gdy budynek nie mam nadanego numeru porządkowego budynku prośba o wprowadzenie informacji, że budynek nie mam nadanego numeru porządkowego budynku. W związku z brakiem numeru porządkowego budynku należy w ramach adresu wskazać numery działek ewidencyjnych na których budynek będzie realizowany oraz informację o oznaczeniu budynku wg dokumentacji budowlanej oraz informację o etapie w którym jest realizowany budynek. Dane należy wskazać dla wszystkich budynków objętych wnioskiem.
A78: miejscowość | I78: nazwa ulicy [wprowadź nazwę ulicy lub informację brak ulicy] | T78: numer porządkowy budynku [wprowadź numer porządkowy budynku lub informację braku tego numeru] | AE78: numer działki ewidencyjnej | AK78: oznaczenie budynku wg dokumentacji budowlanej oraz informacja o etapie w którym jest realizowany budynek
AM79: W przypadku większej ilości budynków wprowadź wszystkie adresy poprzez dodanie kolejnego wiersza. Stań kursorem na wierszu poniżej, kliknij prawym klawiszem myszki Wstaw. Następnie zaznacz wiersz z prawidłowym formatowaniem kliknij Malarz formatów i zaznacz kolumne którą będziesz formatował.
A80: 2) liczba pomieszczeń służących zaspokajaniu potrzeb mieszkaniowych studentów i doktorantów
A82: 3) powierzchnia mieszkalna pomieszczeń służących zaspokajaniu potrzeb mieszkaniowych studentów i doktorantów [m²]
A84: 4) powierzchnia użytkowa pomieszczeń służących zaspokajaniu potrzeb mieszkaniowych studentów i doktorantów [m²]
A86: C. Powierzchnia dodatkowa inna niż powierzchnia pomieszczeń służąca zaspokajaniu potrzeb mieszkaniowych studentów i doktorantów, utworzona bez wykorzystania finansowego wsparcia.
A88: VI. Dodatkowe informacje o przedsięwzięciu
A89: A. Informacja, czy przedsięwzięcie jest realizowane zgodnie z zasadami określonymi w art. 7 ustawy.
A90: Przedsięwzięcie jest realizowane zgodnie z zasadami określonymi w art. 7 ustawy. | AM90: Wybierz właściwą informację
A91: E. Informacja, czy przedsięwzięcie zostało zakończone przed dniem złożenia wniosku, o którym mowa w art. 8 ust. 1 ustawy (z wyłączeniem przedsięwzięć, o których mowa w art. 3 ust. 1 pkt 5 i 6 oraz art. 4a ust. 1 pkt 3 ustawy).
A92: Przedsięwzięcie nie zostało zakończone przed dniem złożenia wniosku, o którym mowa w art. 8 ust. 1 ustawy. | AM92: Wybierz właściwą informację
A93: ZB. W przypadku przedsięwzięć, o których mowa w art. 3 ust. 1 pkt 1, art. 4 ust. 1 pkt 1, art. 4a ust. 1 pkt 1 i art. 5 ust. 1 pkt 1 ustawy, informacje o:
A94: 1) numerze działek ewidencyjnych, na których będą budowane budynki wraz ze związanymi z nimi obiektami i urządzeniami w ramach przedsięwzięcia
A95: 2) liczbie budynków, przewidzianych do realizacji w ramach przedsięwzięcia
A96: 3) liczbie kondygnacji w budynkach przewidzianych w ramach przedsięwzięcia, w tym kondygnacji naziemnych i podziemnych (w przypadku różnej liczby kondygnacji, należy wskazać je dla każdego budynku osobno) | AA96: ilość kondygnacji nadziemnych
AA97: ilość kondygnacji poddziemnych
A98: 4) tym, czy w każdym budynku oraz każdej wydzielonej w pionie odrębnej części budynku zaprojektowano dźwig przystosowany do przewozu mebli, chorych na noszach i osób niepełnosprawnych (jeżeli nie w każdym – należy wskazać, w których budynkach zostały zaprojektowane i w jakiej liczbie)
A99: 5) łącznej liczbie realizowanych stanowisk postojowych lub garaży znajdujących się w budynkach mieszkalnych i wielopoziomowych, w tym przypadających na lokale mieszkalne objęte wnioskiem | AA99: realizowane
AA100: objęte wnioskiem
A101: 6) minimalnej liczbie stanowisk i garaży, o których mowa w pkt 5, wynikającej z ustaleń miejscowego planu zagospodarowania przestrzennego albo decyzji o warunkach zabudowy, w tym przypadających na lokale mieszkalne objęte wnioskiem. | AA101: realizowane
AA102: objęte wnioskiem
A103: G. Informacja o sposobie wyodrębnienia kosztów przedsięwzięcia, o których mowa w art. 14 ust. 1 ustawy, które nie podlegają sfinansowaniu w ramach danego wniosku, lub też kosztów innych niż te, o których mowa w art. 14 ust. 1 ustawy.
A104: Wskaźnik (I.) powierzchniowy, zgodny z art. 15 ww. ustawy należy zastosować - jeżeli w budynku lub części budynku, w których w wyniku realizacji przedsięwzięcia powstaną lokale mieszkalne, znajdują się lub powstaną również lokale nieobjęte finansowym wsparciem, koszty, o których mowa w art. 14 ust. 1 pkt 1 i 2 ww. ustawy, których nie można wyodrębnić jako kosztów poniesionych wyłącznie na realizację przedsięwzięcia, zalicza się do kosztów przedsięwzięcia w części odpowiadającej udziałowi powierzchni użytkowej lokali mieszkalnych, w powierzchni stanowiącej sumę powierzchni użytkowej lokali, oraz powierzchni użytkowej lokali nieobjętych finansowym wsparciem. Wartość wskaźnika równa się (liczbie wskazanej w pkt V.A.C.4/(liczbie wskazanej w pkt V.A.C.4+liczbie wskazanej w pkt V.A.C.C)). | AJ104: =ROUNDDOWN(A85/(A85+A87),6) -> #DIV/0!
A105: Zgodnie z art. 14 ust. 1 pkt 1 lit. a tiret drugie i ust. 2 ww. ustawy przez koszty wykonania stanowisk postojowych lub garaży znajdujących się w budynkach mieszkalnych i wielopoziomowych, rozumie się koszty wykonania stanowisk postojowych lub garaży zlokalizowanych w obrębie finansowanego przedsięwzięcia w liczbie nieprzekraczającej minimalnej liczby wynikającej z ustaleń miejscowego planu zagospodarowania przestrzennego albo decyzji o warunkach zabudowy oraz przypadającej na finansowanie w ramach przedsięwzięcia. Przedstawiamy wskaźnik kosztowy ma on zastosowanie do kosztów realizowanych stanowisk postojowych lub garaży znajdujących się w budynkach mieszkalnych i wielopoziomowych. Koszty te rodzajowo należy wyodrębnić w przynajmniej jednej pozycji (Koszty stanowisk postojowych lub garaży, Koszty hali garażowej w budynku mieszkalnym) w pkt VI.F. i zastosować wskaźnik kosztowy do realizowanych stanowisk postojowych lub garaży. W przypadku gdy w przedsięwzięciu występuje zarówno wskaźnik kosztowy realizowanych stanowisk postojowych lub garaży oraz wskaźnik powierzchniowy, zgodny z art. 15 ww. ustawy to dla pozycji kosztowej stanowiska postojowe i garaże należy zastosować iloczyn obu wskaźników. Wskaźnik (II.) kosztowy jaki należy zastosować do realizowanych stanowisk postojowych lub garaży znajdujących się w budynkach mieszkalnych i wielopoziomowych to liczba równa ilorazowi (liczby z pkt VI.ZG.6 objęte wnioskiem i liczby z pkt VI.ZG.5 realizowane). | AJ105: =ROUNDDOWN(AJ102/AJ99,6) -> #DIV/0!
A106: Jeżeli zastosowane ww. wskaźniki kosztowe I. i II. nie są wystarczające, żeby wyodrębnić wszystkie koszty niekwalifikowane opisz poniżej szczegółowo informację o sposobie wyodrębnienia tych kosztów przedsięwzięcia, o których mowa w art. 14 ust. 1 ustawy, które nie podlegają sfinansowaniu w ramach danego wniosku. Koszty te rodzajowo należy wyodrębnić w pozycji w pkt VI.F. oraz wpisać dla tych pozycji wskaźnik III. kosztowy.
A108: F. Informacja o planowanych kosztach przedsięwzięcia, o których mowa w art. 14 ust. 1 ustawy, z uwzględnieniem wartości netto i brutto oraz ze wskazaniem wysokości przyjętej stawki podatku od towarów i usług, dokumentów, na podstawie których ten koszt określono (w przypadku przedsięwzięcia obejmującego remont lub przebudowę części kilku budynków w rozbiciu na poszczególne lokale mieszkalne znajdujące się w budynkach objętych wnioskiem ze wskazaniem ich adresu), a także jeżeli przedsięwzięcie obejmuje zakup, montaż lub budowę instalacji odnawialnego źródła energii, o której mowa w art. 2 pkt 13 lit. a ustawy z dnia 20 lutego 2015 r. o odnawialnych źródłach energii (Dz. U. z 2024 r. poz. 1361, z późn. zm.), z wyłączeniem magazynu biogazu rolniczego, przyłączonej do sieci dystrybucyjnej za pośrednictwem wewnętrznej instalacji, wskazanie kosztów zakupu, montażu lub budowy tej instalacji.
A109: Lp. | B109: Wyszczególnienie rodzaju kwalifikowanego kosztu | G109: Dokumenty, na podstawie których określono koszt | L109: Kwota netto [zł] | P109: Stawka Vat | T109: VAT niepodlegający odliczeniu [%] | AA109: Kwota z VAT niepodlegajaca odliczeniu [zł] | AH109: Wskaźnik kosztów kwalifikowanych <0,00-100,00%> | AK109: Kwota kosztów kwalifikowanych [zł] | AM109: Uwaga: Jeżeli dana pozycja kosztów nie ma zastosowania dla Twojego przedsięwzięcia możesz edytować zakres tabeli w kolumnach dotyczących wyszczególnienia rodzaju kosztów, stawek VAT dostosowując zestawienie kosztów do zakresu rzeczowego realizowanego przedsięwzięcia i kosztów w nim występujących. W przypadku gdy zakres rzeczowy przedsięwzięcia nie uwzględnia danych kosztów i nie masz potrzeby edycji zakresu tabeli w wierszach dotyczących kwoty netto oraz wskaźniku kosztów kwalifikowanych wprowadź zero. Jeżeli w zaproponowanym zestawieniu kosztów nie jesteś w stanie odzwierciedlić indywidualnego wyszczególnienia kosztów sporządź je w własnym zakresie, a w niniejszym zestawieniu wprowadź wartości zagregowanych kosztów.
A110: 1 | B110: 2 | G110: 3 | L110: 4 | P110: 5 | T110: 6 | AA110: 4+4*5*6=7 | AH110: 8 | AK110: 7*8=9
A111: 1 | P111: =IF(OR(B111=Słowniki!A$46,B111=Słowniki!A$56,B111=Słowniki!A$58,B111=Słowniki!A$59),0.08,0.23) -> 0.23 | T111: 1 | AA111: =L111+ROUND(L111*P111*T111,2) -> 0 | AH111: =IF(OR(B111=Słowniki!A$57,B111=Słowniki!A$58),(AJ$104*AJ$105),AJ$104) -> #DIV/0! | AK111: =ROUND(AA111*AH111,2) -> #DIV/0!
A112: 2 | P112: =IF(OR(B112=Słowniki!A$46,B112=Słowniki!A$56,B112=Słowniki!A$58,B112=Słowniki!A$59),0.08,0.23) -> 0.23 | T112: 1 | AA112: =L112+ROUND(L112*P112*T112,2) -> 0 | AH112: =IF(OR(B112=Słowniki!A$57,B112=Słowniki!A$58),(AJ$104*AJ$105),AJ$104) -> #DIV/0! | AK112: =ROUND(AA112*AH112,2) -> #DIV/0!
A113: 3 | P113: =IF(OR(B113=Słowniki!A$46,B113=Słowniki!A$56,B113=Słowniki!A$58,B113=Słowniki!A$59),0.08,0.23) -> 0.23 | T113: 1 | AA113: =L113+ROUND(L113*P113*T113,2) -> 0 | AH113: =IF(OR(B113=Słowniki!A$57,B113=Słowniki!A$58),(AJ$104*AJ$105),AJ$104) -> #DIV/0! | AK113: =ROUND(AA113*AH113,2) -> #DIV/0!
A114: 4 | P114: =IF(OR(B114=Słowniki!A$46,B114=Słowniki!A$56,B114=Słowniki!A$58,B114=Słowniki!A$59),0.08,0.23) -> 0.23 | T114: 1 | AA114: =L114+ROUND(L114*P114*T114,2) -> 0 | AH114: =IF(OR(B114=Słowniki!A$57,B114=Słowniki!A$58),(AJ$104*AJ$105),AJ$104) -> #DIV/0! | AK114: =ROUND(AA114*AH114,2) -> #DIV/0!
A115: 5 | P115: =IF(OR(B115=Słowniki!A$46,B115=Słowniki!A$56,B115=Słowniki!A$58,B115=Słowniki!A$59),0.08,0.23) -> 0.23 | T115: 1 | AA115: =L115+ROUND(L115*P115*T115,2) -> 0 | AH115: =IF(OR(B115=Słowniki!A$57,B115=Słowniki!A$58),(AJ$104*AJ$105),AJ$104) -> #DIV/0! | AK115: =ROUND(AA115*AH115,2) -> #DIV/0!
A116: 6 | P116: =IF(OR(B116=Słowniki!A$46,B116=Słowniki!A$56,B116=Słowniki!A$58,B116=Słowniki!A$59),0.08,0.23) -> 0.23 | T116: 1 | AA116: =L116+ROUND(L116*P116*T116,2) -> 0 | AH116: =IF(OR(B116=Słowniki!A$57,B116=Słowniki!A$58),(AJ$104*AJ$105),AJ$104) -> #DIV/0! | AK116: =ROUND(AA116*AH116,2) -> #DIV/0!
...

Sheet Wniosek art. 4a remont_przebudo
A1: Proszę wypełnić niebieskie pola, brak wypełnienia niebieskich pól może spowodować wezwanie do uzupełnienia wniosku, co wydłuży okres rozpatrzenia wniosku.
A2: Żółte pola wypełnią się automatycznie.
AM3: Uwagi, komentarze przydatne przy wypełnianiu wniosku
H4: =TODAY() -> 46059
A5: miejscowość | H5: data wniosku
A7: Wybierz właściwe | G7: Nowy wniosek | Q7: Korekta wniosku
A8: Jeżeli składasz korektę wniosku wpisz numer pisma z wezwania do uzupełnienia | AM8: Wpisz nie dotyczy jeżeli skąłdasz nowy wniosek
A9: Szanowni Państwo, przesyłając nowy wniosek w tytule sprawy (w piśmie przewodnim lub technicznym przesyłanym poprzez ePUAP/e-doręczenia wraz z wnioskiem) proszę wpisywać treść „nowy wniosek”, a jeśli przesyłana jest korekta wniosku proszę wpisać „korekta wniosku dla sprawy numer (…)”. Numer sprawy to znak pisma – wezwania do uzupełnienia. Przesyłana korespondencja do banku poprzez ePUAP/e-doręczenia powinna dotyczyć jednej sprawy. Taki sposób oznakowania korespondencji pozwoli nam usprawnić obsługę Państwa wniosków. Dziękujemy za stosowanie się do powyższego.
A11: Wniosek o udzielenie wsparcia finansowego z Funduszu Dopłat w ramach realizacji przez
A12: Bank Gospodarstwa Krajowego rządowego programu budownictwa komunalnego
A13: zgodnie z przepisami ustawy z dnia 8 grudnia 2006 r. o finansowym wsparciu niektórych przedsięwzięć mieszkaniowych (t.j. Dz.U. 2024 poz. 304 z późn. zm.)
A15: I. Dane Wnioskodawcy
A16: A. | B16: Beneficjent wsparcia
B17: Uczelnia publiczna
A18: B. | B18: Nazwa | AM18: Nazwa wnioskodawcy powinna być zgodna z bazą REGON
A20: C. | B20: Adres wnioskodawcy [kod pocztowy, nazwa miejscowości, nazwa ulicy, numer porządkowy budynku, numer lokalu] zgodnie z nazwami miejscowości i ulicy w Rejestrze TERYT | AM20: Weryfikacji poprawności adresu można dokonać na stronie internetowej -> https://eteryt.stat.gov.pl/eTeryt/rejestr_teryt/udostepnianie_danych/baza_teryt/uzytkownicy_indywidualni/wyszukiwanie/wyszukiwanie.aspx?contrast=default
B22: Adres do doręczeń elektronicznych, o których mowa w ustawie z dnia 18 listopada 2020 r. o doręczeniach elektronicznych (Dz. U. z 2024 r. poz. 1045 i 1841). Adres do doręczeń można sprawdzić klikając w link. | AM22: Najczęściej zadawane pytania i odpowiedzi o e-Doręczeniach
A24: D. | B24: Numer identyfikacji podatkowej NIP | W24: Numer identyfikacyjny REGON | AM24: Numer NIP i numer REGON powinny być zgodne z bazą regon przypisaną do nazwy wnioskodacy
A26: E. | B26: Dane służbowe osoby bezpośrednio prowadzącej sprawę
B27: Imię i nazwisko/ nr telefonu
B29: Adres poczty elektronicznej
AM30: Wybierz nie dotyczy jeżeli, sprawę prowadzi jedna osoba
B31: Imię i nazwisko/ nr telefonu (opcjonalnie)
AM32: Wybierz nie dotyczy jeżeli, sprawę prowadzi jedna osoba
B33: Adres poczty elektronicznej (opcjonalnie)
A35: G. | B35: Numer rachunku bankowego lub rachunku prowadzonego przez spółdzielczą kasę oszczędnościowo-kredytową beneficjenta wsparcia, na który zostanie przekazane finansowe wsparcie.
T36: {=LEFT(B36,2)&" "&_xlfn.TEXTJOIN(" ",,MID(B36,{3,7,11,15,19,23},4))}
A37: II. | B37: Dane dotyczące realizowanego przedsięwzięcia
A38: A. | B38: Wnioskowana kwota finansowego wsparcia [zł]
B39: =T114 -> 0 | AM39: Kliknij "tutaj" i przejdź do wypełnienia zestawienia kosztów
A40: C. | B40: Przewidywana data rozpoczęcia realizacji przedsięwzięcia /Data rozpoczęcia realizacji przedsięwzięcia (dzień, miesiąc (słownie) i rok).
A42: D. | B42: Przewidywana data zakończenia realizacji przedsięwzięcia, a w przypadku przedsięwzięcia obejmującego remont lub przebudowę części budynku w rozbiciu na poszczególne lokale mieszkalne (dzień, miesiąc (słownie) i rok) - data dla lokalu którego remont zakończy się jako ostatni.
AM43: Data zakończenie realizacji nie może być dłuższa niż 36 miesiący od przewidywanej daty rozpoczęcia przedsięwzięcia
A44: E. | B44: Przewidywana struktura finansowania przedsięwzięcia, z podziałem na
B45: Wyszczególnienie | Z45: Ogółem (brutto) | AK45: Udział [%]
B46: Środki własne beneficjenta wsparcia | AK46: =ROUND(Z46/Z$49,5) -> #DIV/0!
B47: Wsparcie finansowe na podstawie ustawy | Z47: =B$39 -> 0 | AK47: =ROUND(Z47/Z$49,5) -> #DIV/0!
B48: Inne źródła | AK48: =ROUND(Z48/Z$49,5) -> #DIV/0!
B49: Łącznie | Z49: =SUM(Z46:AJ48) -> 0 | AK49: =SUM(AK46:AL48) -> #DIV/0! | AM49: Łącznie powinno zsumować się na kwalifikowany koszt przedsięwzięcia
A50: K. | B50: W przypadku, o którym mowa w art. 13 ust. 5 ustawy, informacja o wpisie budynku lub obszaru, na którym się znajduje, do rejestru zabytków, w tym o dacie wydania decyzji, dacie prawomocności, numerze decyzji i organie, który wydał decyzję.
B51: Informacja o wpisie budynku lub obszaru, na którym się znajduje
B52: Organ który wydał decyzję
B53: Data wydania decyzji
B54: Numer decyzji
B55: Data prawomocności decyzji
A56: III. | B56: Rodzaj przedsięwzięcia (należy wskazać właściwe)
A59: IV. | B59: Rodzaj i wielkość zasobu powstającego lub zmodernizowanego w wyniku przedsięwzięcia
A60: N. Liczba pomieszczeń służących zaspokajaniu potrzeb mieszkaniowych studentów i doktorantów oraz liczba miejsc znajdujących się w tych pomieszczeniach.
A61: Liczba pomieszczeń służących zaspokajaniu potrzeb mieszkaniowych studentów i doktorantów | T61: Liczba miejsc znajdujących się w tych pomieszczeniach
A63: V. | B63: C. Charakterystyka przedsięwzięcia określonego w art. 4a ustawy
A64: A. Budowa budynku, remont lub przebudowa budynku albo części budynku, w wyniku których zostaną utworzone lub zostaną zmodernizowane pomieszczenia służące zaspokajaniu potrzeb mieszkaniowych studentów i doktorantów:
A65: 1) adres/adresy nieruchomości - miejscowość, ulica, numer porządkowy budynku. W przypadku gdy miejscowość nie posiada nazwy ulicy prośba o wprowadzenie informacji o braku ulic w danej miejscowości. W przypadku gdy budynek nie mam nadanego numeru porządkowego budynku prośba o wprowadzenie informacji, że budynek nie mam nadanego numeru porządkowego budynku. W związku z brakiem numeru porządkowego budynku należy w ramach adresu wskazać numery działek ewidencyjnych na których budynek będzie realizowany oraz informację o oznaczeniu budynku wg dokumentacji budowlanej oraz informację o etapie w którym jest realizowany budynek. Dane należy wskazać dla wszystkich budynków objętych wnioskiem.
A66: miejscowość | I66: nazwa ulicy [wprowadź nazwę ulicy lub informację brak ulicy] | T66: numer porządkowy budynku [wprowadź numer porządkowy budynku lub informację braku tego numeru] | AE66: numer działki ewidencyjnej | AK66: oznaczenie budynku wg dokumentacji budowlanej oraz informacja o etapie w którym jest realizowany budynek | AM66: W przypadku wiekszej ilości budynków wprowadź wszystkie adresy
A68: 2) liczba pomieszczeń służących zaspokajaniu potrzeb mieszkaniowych studentów i doktorantów
A70: 3) powierzchnia mieszkalna pomieszczeń służących zaspokajaniu potrzeb mieszkaniowych studentów i doktorantów [m²]
A71: 7
A72: 4) powierzchnia użytkowa pomieszczeń służących zaspokajaniu potrzeb mieszkaniowych studentów i doktorantów [m²]
A73: 9
A74: C. Powierzchnia dodatkowa inna niż powierzchnia pomieszczeń służąca zaspokajaniu potrzeb mieszkaniowych studentów i doktorantów, utworzona bez wykorzystania finansowego wsparcia.
A75: 0
A76: VI. Dodatkowe informacje o przedsięwzięciu
A77: A. Informacja, czy przedsięwzięcie jest realizowane zgodnie z zasadami określonymi w art. 7 ustawy.
A78: Przedsięwzięcie jest realizowane zgodnie z zasadami określonymi w art. 7 ustawy.
A79: E. Informacja, czy przedsięwzięcie zostało zakończone przed dniem złożenia wniosku, o którym mowa w art. 8 ust. 1 ustawy (z wyłączeniem przedsięwzięć, o których mowa w art. 3 ust. 1 pkt 5 i 6 oraz art. 4a ust. 1 pkt 3 ustawy).
A80: Przedsięwzięcie nie zostało zakończone przed dniem złożenia wniosku, o którym mowa w art. 8 ust. 1 ustawy.
A81: G. Informacja o sposobie wyodrębnienia kosztów przedsięwzięcia, o których mowa w art. 14 ust. 1 ustawy, które nie podlegają sfinansowaniu w ramach danego wniosku, lub też kosztów innych niż te, o których mowa w art. 14 ust. 1 ustawy.
A82: Wskaźnik (I.) powierzchniowy, zgodny z art. 15 ww. ustawy należy zastosować - jeżeli w budynku lub części budynku, w których w wyniku realizacji przedsięwzięcia powstaną lokale mieszkalne, znajdują się lub powstaną również lokale nieobjęte finansowym wsparciem, koszty, o których mowa w art. 14 ust. 1 pkt 1 i 2 ww. ustawy, których nie można wyodrębnić jako kosztów poniesionych wyłącznie na realizację przedsięwzięcia, zalicza się do kosztów przedsięwzięcia w części odpowiadającej udziałowi powierzchni użytkowej lokali mieszkalnych, w powierzchni stanowiącej sumę powierzchni użytkowej lokali, oraz powierzchni użytkowej lokali nieobjętych finansowym wsparciem. Wartość wskaźnika równa się (liczbie wskazanej w pkt V.A.A.2/(liczbie wskazanej w pkt V.A.A.2+liczbie wskazanej w pkt V.A.A.3)). | AJ82: =ROUNDDOWN(A73/(A73+A75),6) -> 1
A83: Jeżeli zastosowany ww. wskaźniki kosztowy I. nie jest wystarczający, żeby wyodrębnić wszystkie koszty niekwalifikowane opisz poniżej szczegółowo informację o sposobie wyodrębnienia tych kosztów przedsięwzięcia, o których mowa w art. 14 ust. 1 ustawy, które nie podlegają sfinansowaniu w ramach danego wniosku. Koszty te rodzajowo należy wyodrębnić w pozycji w pkt VI.F. oraz wpisać dla tych pozycji wskaźnik II. kosztowy.
A85: F. Informacja o planowanych kosztach przedsięwzięcia, o których mowa w art. 14 ust. 1 ustawy, z uwzględnieniem wartości netto i brutto oraz ze wskazaniem wysokości przyjętej stawki podatku od towarów i usług, dokumentów, na podstawie których ten koszt określono (w przypadku przedsięwzięcia obejmującego remont lub przebudowę części kilku budynków w rozbiciu na poszczególne lokale mieszkalne znajdujące się w budynkach objętych wnioskiem ze wskazaniem ich adresu), a także jeżeli przedsięwzięcie obejmuje zakup, montaż lub budowę instalacji odnawialnego źródła energii, o której mowa w art. 2 pkt 13 lit. a ustawy z dnia 20 lutego 2015 r. o odnawialnych źródłach energii (Dz. U. z 2024 r. poz. 1361, z późn. zm.), z wyłączeniem magazynu biogazu rolniczego, przyłączonej do sieci dystrybucyjnej za pośrednictwem wewnętrznej instalacji, wskazanie kosztów zakupu, montażu lub budowy tej instalacji.
A86: Lp. | B86: Wyszczególnienie rodzaju kwalifikowanego kosztu | G86: Dokumenty, na podstawie których określono koszt | L86: Kwota netto [zł] | P86: Stawka Vat | T86: VAT niepodlegający odliczeniu [%] | AA86: Kwota z VAT niepodlegajaca odliczeniu [zł] | AH86: Wskaźnik kosztów kwalifikowanych <0,00-100,00%> | AK86: Kwota kosztów kwalifikowanych [zł] | AM86: Uwaga: Jeżeli dana pozycja kosztów nie ma zastosowania dla Twojego przedsięwzięcia możesz edytować zakres tabeli w kolumnach dotyczących wyszczególnienia rodzaju kosztów, stawek VAT dostosowując zestawienie kosztów do zakresu rzeczowego realizowanego przedsięwzięcia i kosztów w nim występujących. W przypadku gdy zakres rzeczowy przedsięwzięcia nie uwzględnia danych kosztów i nie masz potrzeby edycji zakresu tabeli w wierszach dotyczących kwoty netto oraz wskaźniku kosztów kwalifikowanych wprowadź zero. Jeżeli w zaproponowanym zestawieniu kosztów nie jesteś w stanie odzwierciedlić indywidualnego wyszczególnienia kosztów sporządź je w własnym zakresie, a w niniejszym zestawieniu wprowadź wartości zagregowanych kosztów.
A87: 1 | B87: 2 | G87: 3 | L87: 4 | P87: 5 | T87: 6 | AA87: 4+4*5*6=7 | AH87: 8 | AK87: 7*8=9
A88: 1 | P88: =IF(OR(B88=Słowniki!A$46,B88=Słowniki!A$56,B88=Słowniki!A$58,B88=Słowniki!A$59),0.08,0.23) -> 0.23 | T88: 1 | AA88: =L88+ROUND(L88*P88*T88,2) -> 0 | AH88: =AJ$82 -> 1 | AK88: =ROUND(AA88*AH88,2) -> 0
A89: 2 | P89: =IF(OR(B89=Słowniki!A$46,B89=Słowniki!A$56,B89=Słowniki!A$58,B89=Słowniki!A$59),0.08,0.23) -> 0.23 | T89: 1 | AA89: =L89+ROUND(L89*P89*T89,2) -> 0 | AH89: =AJ$82 -> 1 | AK89: =ROUND(AA89*AH89,2) -> 0
A90: 3 | P90: =IF(OR(B90=Słowniki!A$46,B90=Słowniki!A$56,B90=Słowniki!A$58,B90=Słowniki!A$59),0.08,0.23) -> 0.23 | T90: 1 | AA90: =L90+ROUND(L90*P90*T90,2) -> 0 | AH90: =AJ$82 -> 1 | AK90: =ROUND(AA90*AH90,2) -> 0
A91: 4 | P91: =IF(OR(B91=Słowniki!A$46,B91=Słowniki!A$56,B91=Słowniki!A$58,B91=Słowniki!A$59),0.08,0.23) -> 0.23 | T91: 1 | AA91: =L91+ROUND(L91*P91*T91,2) -> 0 | AH91: =AJ$82 -> 1 | AK91: =ROUND(AA91*AH91,2) -> 0
A92: 5 | P92: =IF(OR(B92=Słowniki!A$46,B92=Słowniki!A$56,B92=Słowniki!A$58,B92=Słowniki!A$59),0.08,0.23) -> 0.23 | T92: 1 | AA92: =L92+ROUND(L92*P92*T92,2) -> 0 | AH92: =AJ$82 -> 1 | AK92: =ROUND(AA92*AH92,2) -> 0
A93: 6 | P93: =IF(OR(B93=Słowniki!A$46,B93=Słowniki!A$56,B93=Słowniki!A$58,B93=Słowniki!A$59),0.08,0.23) -> 0.23 | T93: 1 | AA93: =L93+ROUND(L93*P93*T93,2) -> 0 | AH93: =AJ$82 -> 1 | AK93: =ROUND(AA93*AH93,2) -> 0
A94: 7 | P94: =IF(OR(B94=Słowniki!A$46,B94=Słowniki!A$56,B94=Słowniki!A$58,B94=Słowniki!A$59),0.08,0.23) -> 0.23 | T94: 1 | AA94: =L94+ROUND(L94*P94*T94,2) -> 0 | AH94: =AJ$82 -> 1 | AK94: =ROUND(AA94*AH94,2) -> 0
A95: 8 | P95: =IF(OR(B95=Słowniki!A$46,B95=Słowniki!A$56,B95=Słowniki!A$58,B95=Słowniki!A$59),0.08,0.23) -> 0.23 | T95: 1 | AA95: =L95+ROUND(L95*P95*T95,2) -> 0 | AH95: =AJ$82 -> 1 | AK95: =ROUND(AA95*AH95,2) -> 0
A96: 9 | P96: =IF(OR(B96=Słowniki!A$46,B96=Słowniki!A$56,B96=Słowniki!A$58,B96=Słowniki!A$59),0.08,0.23) -> 0.23 | T96: 1 | AA96: =L96+ROUND(L96*P96*T96,2) -> 0 | AH96: =AJ$82 -> 1 | AK96: =ROUND(AA96*AH96,2) -> 0
A97: 10 | P97: =IF(OR(B97=Słowniki!A$46,B97=Słowniki!A$56,B97=Słowniki!A$58,B97=Słowniki!A$59),0.08,0.23) -> 0.23 | T97: 1 | AA97: =L97+ROUND(L97*P97*T97,2) -> 0 | AH97: =AJ$82 -> 1 | AK97: =ROUND(AA97*AH97,2) -> 0
A98: 11 | P98: =IF(OR(B98=Słowniki!A$46,B98=Słowniki!A$56,B98=Słowniki!A$58,B98=Słowniki!A$59),0.08,0.23) -> 0.23 | T98: 1 | AA98: =L98+ROUND(L98*P98*T98,2) -> 0 | AH98: =AJ$82 -> 1 | AK98: =ROUND(AA98*AH98,2) -> 0
A99: 12 | P99: =IF(OR(B99=Słowniki!A$46,B99=Słowniki!A$56,B99=Słowniki!A$58,B99=Słowniki!A$59),0.08,0.23) -> 0.23 | T99: 1 | AA99: =L99+ROUND(L99*P99*T99,2) -> 0 | AH99: =AJ$82 -> 1 | AK99: =ROUND(AA99*AH99,2) -> 0
... A109: 22 | P109: =IF(OR(B109=Słowniki!A$46,B109=Słowniki!A$56,B109=Słowniki!A$58,B109=Słowniki!A$59),0.08,0.23) -> 0.23 | T109: 1 | AA109: =L109+ROUND(L109*P109*T109,2) -> 0 | AH109: =AJ$82 -> 1 | AK109: =ROUND(AA109*AH109,2) -> 0
A110: 23 | B110: Razem | L110: =SUM(L88:O109) -> 0 | P110: n/d | T110: n/d | AA110: =SUM(AA88:AG109) -> 0 | AH110: n/d | AK110: =ROUND(SUM(AK88:AL109),2) -> 0
A111: Informuję, że wszystkie wymienione powyżej koszty są kosztami kwalifikowanymi w rozumieniu art. 14 ust. 1 ustawy o finansowym wsparciu niektórych przedsięwzięć mieszkaniowych. W kosztach kwalifikowanych nie zostały ujęte w szczególności: koszty związane z powierzchnią dodatkową inną niż powierzchnia pomieszczeń służąca zaspokajaniu potrzeb mieszkaniowych studentów i doktorantów, drogami publicznymi, siecią wodociągową, siecią kanalizacji sanitarnej, deszczowej, ogólnospławnej, siecią gazową, siecią energetyczną, siecią cieplną, siecią telekomunikacyjną (w zakresie wykraczającym poza koszty wykonania niezbędnego uzbrojenia terenu na działce, działkach, na których realizowane jest przedsięwzięcie), koszty sporządzenia operatu szacunkowego oraz inne koszty nie ujęte w art.14 ww. ustawy.
B112: Wysokość finansowego wsparcia [%] | T112: 0.8
B113: Podwyższenie finansowego wsparcia
B114: Kwota finansowego wsparcia [zł] | T114: =ROUNDDOWN(AK110*(T112+T113),2) -> 0
A115: H. Informacja, czy beneficjentowi wsparcia lub inwestorowi przysługuje prawo do obniżenia kwoty podatku należnego o kwotę podatku naliczonego związanego z tym przedsięwzięciem lub zwrot tego podatku (z wyłączeniem przedsięwzięć, o których mowa w art. 3 ust. 1 pkt 5 ustawy).
A116: Beneficjentowi wsparcia nie przysługuje prawo do obniżenia kwoty podatku należnego o kwotę podatku naliczonego związanego z tym przedsięwzięciem lub zwrot tego podatku.
A117: ZA. Informacja, czy beneficjent wsparcia lub inwestor posiada prawo własności lub użytkowania wieczystego lub dzierżawy lub użyczenia gruntu, na którym realizowane jest przedsięwzięcie, albo prawo własności budynku lub części budynku (w tym lokali), w którym realizowane jest przedsięwzięcie, albo o posiadanym prawie własności lub dzierżawy lub użytkowania wieczystego gruntu (dla przedsięwzięć, o których mowa w art. 3 ust. 1, art. 4, art. 4a ust. 1, art. 5 ust. 1 i art. 5c ustawy)
A118: Informuję, (informacja beneficjenta wsparcia) że posiadam prawo własności lub prawo użytkowania wieczystego gruntu, na którym jest realizowane przedsięwzięcie.
A119: ZE. Informacja, czy przed złożeniem danego wniosku o finansowe wsparcie, budynek lub jego część, które są aktualnie przedmiotem przedsięwzięcia, podlegał finansowaniu ze środków Funduszu Dopłat. Jeżeli tak, to informacja czy przedsięwzięcie, w ramach którego finansowany był ten budynek lub ta część zostało rozliczone i kiedy nastąpiło to rozliczenie.
A120: Informuję, że przed złożeniem wniosku o finansowe wsparcie, budynek lub jego część, które są aktualnie przedmiotem przedsięwzięcia, nie podlegał finansowaniu ze środków Funduszu Dopłat lub rozliczenie to nastąpiło na więcej niż 25 lat przez złożeniem niniejszego wniosku.
A121: ZG. W przypadku przedsięwzięcia, o którym mowa w art. 4a ustawy, informacja, czy pomieszczenia służące zaspokajaniu potrzeb mieszkaniowych studentów i doktorantów, pozyskanych przy udziale finansowego wsparcia na podstawie ustawy, będą wyposażone w oświetlenie naturalne i elektryczne, możliwość ogrzewania, niezawilgocone przegrody budowlane oraz wyposażone lub obejmujące bezpośredni dostęp do aneksu wyposażonego w źródło zaopatrzenia w wodę, ustęp oraz urządzenie do gotowania posiłków.
A122: Informuję, że pomieszczenia służące zaspokajaniu potrzeb mieszkaniowych studentów i doktorantów, pozyskanych przy udziale finansowego wsparcia na podstawie ustawy, będą wyposażone w oświetlenie naturalne i elektryczne, możliwość ogrzewania, niezawilgocone przegrody budowlane oraz wyposażone lub obejmujące bezpośredni dostęp do aneksu wyposażonego w źródło zaopatrzenia w wodę, ustęp oraz urządzenie do gotowania posiłków.
A123: ZH. Informacja, czy minimalna powierzchnia pomieszczenia służącego zaspokajaniu potrzeb mieszkaniowych studentów i doktorantów wynosi 8 m² powierzchni mieszkalnej na jedną osobę.
A124: Informuję, że minimalna powierzchnia pomieszczenia służącego zaspokajaniu potrzeb mieszkaniowych studentów i doktorantów wynosi przynajmniej 8 m² powierzchni mieszkalnej na jedną osobę.
A125: ZI. W przypadku przedsięwzięcia, o którym mowa w art. 4a ustawy, informacja, czy na realizację przedsięwzięcia została udzielona dotacja celowa na podstawie art. 365 pkt 4 lit. a ustawy z dnia 20 lipca 2018 r. – Prawo o szkolnictwie wyższym i nauce (Dz. U. z 2024 r. poz. 1571, z późn. zm. )).
...

Sheet Wniosek art. 4a kupno
A1: Proszę wypełnić niebieskie pola, brak wypełnienia niebieskich pól może spowodować wezwanie do uzupełnienia wniosku, co wydłuży okres rozpatrzenia wniosku.
A2: Żółte pola wypełnią się automatycznie.
AM3: Uwagi, komentarze przydatne przy wypełnianiu wniosku
H4: =TODAY() -> 46059
A5: miejscowość | H5: data wniosku
A7: Wybierz właściwe | G7: Nowy wniosek | Q7: Korekta wniosku
A8: Jeżeli składasz korektę wniosku wpisz numer pisma z wezwania do uzupełnienia | AM8: Wpisz nie dotyczy jeżeli skąłdasz nowy wniosek
A9: Szanowni Państwo, przesyłając nowy wniosek w tytule sprawy (w piśmie przewodnim lub technicznym przesyłanym poprzez ePUAP/e-doręczenia wraz z wnioskiem) proszę wpisywać treść „nowy wniosek”, a jeśli przesyłana jest korekta wniosku proszę wpisać „korekta wniosku dla sprawy numer (…)”. Numer sprawy to znak pisma – wezwania do uzupełnienia. Przesyłana korespondencja do banku poprzez ePUAP/e-doręczenia powinna dotyczyć jednej sprawy. Taki sposób oznakowania korespondencji pozwoli nam usprawnić obsługę Państwa wniosków. Dziękujemy za stosowanie się do powyższego.
A11: Wniosek o udzielenie wsparcia finansowego z Funduszu Dopłat w ramach realizacji przez
A12: Bank Gospodarstwa Krajowego rządowego programu budownictwa komunalnego
A13: zgodnie z przepisami ustawy z dnia 8 grudnia 2006 r. o finansowym wsparciu niektórych przedsięwzięć mieszkaniowych (t.j. Dz.U. 2024 poz. 304 z późn. zm.)
A15: I. Dane Wnioskodawcy
A16: A. | B16: Beneficjent wsparcia
B17: Uczelnia publiczna
A18: B. | B18: Nazwa | AM18: Nazwa wnioskodawcy powinna być zgodna z bazą REGON
A20: C. | B20: Adres wnioskodawcy [kod pocztowy, nazwa miejscowości, nazwa ulicy, numer porządkowy budynku, numer lokalu] zgodnie z nazwami miejscowości i ulicy w Rejestrze TERYT | AM20: Weryfikacji poprawności adresu można dokonać na stronie internetowej -> https://eteryt.stat.gov.pl/eTeryt/rejestr_teryt/udostepnianie_danych/baza_teryt/uzytkownicy_indywidualni/wyszukiwanie/wyszukiwanie.aspx?contrast=default
B22: Adres do doręczeń elektronicznych, o których mowa w ustawie z dnia 18 listopada 2020 r. o doręczeniach elektronicznych (Dz. U. z 2024 r. poz. 1045 i 1841). Adres do doręczeń można sprawdzić klikając w link. | AM22: Najczęściej zadawane pytania i odpowiedzi o e-Doręczeniach
A24: D. | B24: Numer identyfikacji podatkowej NIP | W24: Numer identyfikacyjny w krajowym rejestrze urzędowym podmiotów gospodarki narodowej REGON | AM24: Numer NIP i numer REGON powinny być zgodne z bazą regon przypisaną do nazwy wnioskodacy
A26: E. | B26: Dane służbowe osoby bezpośrednio prowadzącej sprawę
B27: Imię i nazwisko/ nr telefonu
B29: Adres poczty elektronicznej
AM30: Wybierz nie dotyczy jeżeli, sprawę prowadzi jedna osoba
B31: Imię i nazwisko/ nr telefonu (opcjonalnie)
AM32: Wybierz nie dotyczy jeżeli, sprawę prowadzi jedna osoba
B33: Adres poczty elektronicznej (opcjonalnie)
A35: G. | B35: Numer rachunku bankowego lub rachunku prowadzonego przez spółdzielczą kasę oszczędnościowo-kredytową beneficjenta wsparcia, na który zostanie przekazane finansowe wsparcie.
T36: {=LEFT(B36,2)&" "&_xlfn.TEXTJOIN(" ",,MID(B36,{3,7,11,15,19,23},4))}
A37: II. | B37: Dane dotyczące realizowanego przedsięwzięcia
A38: A. | B38: Wnioskowana kwota finansowego wsparcia [zł]
B39: =T98 -> #DIV/0! | AM39: Kliknij "tutaj" i przejdź do wypełnienia zestawienia kosztów
A40: C. | B40: Przewidywana data rozpoczęcia realizacji przedsięwzięcia /Data rozpoczęcia realizacji przedsięwzięcia (dzień, miesiąc (słownie) i rok). | AM40: Finansowe wsparcie może być udzielone na realizację przedsięwzięcia rozpoczętego przed dniem zawarcia umowy, o której mowa w art. 12, jeżeli wniosek o finansowe wsparcie, o którym mowa w art. 8, został złożony przez beneficjenta wsparcia przed upływem 12 miesięcy od dnia rozpoczęcia przedsięwzięcia
A42: D. | B42: Przewidywana data zakończenia realizacji przedsięwzięcia / Data zakończenia realizacji przedsięwzięcia (dzień, miesiąc (słownie) i rok). | AM42: Data zakończenie realizacji nie może być dłuższa niż 36 miesiący od przewidywanej daty rozpoczęcia przedsięwzięcia
A44: E. | B44: Przewidywana struktura finansowania przedsięwzięcia, z podziałem na
B45: Wyszczególnienie | Z45: Ogółem (brutto) | AK45: Udział [%]
B46: Środki własne beneficjenta wsparcia | AK46: =ROUND(Z46/Z$49,5) -> #DIV/0!
B47: Wsparcie finansowe na podstawie ustawy | Z47: =B$39 -> #DIV/0! | AK47: =ROUND(Z47/Z$49,5) -> #DIV/0!
B48: Inne źródła | AK48: =ROUND(Z48/Z$49,5) -> #DIV/0!
B49: Łącznie | Z49: =SUM(Z46:AJ48) -> #DIV/0! | AK49: =SUM(AK46:AL48) -> #DIV/0! | AM49: Łącznie powinno zsumować się na kwalifikowany koszt przedsięwzięcia
A50: H. | B50: W przypadku przedsięwzięć, o których mowa w art. 3 ust. 1 pkt 5 i 6 i art. 4a ust. 1 pkt 3 ustawy, informacja o: 1) przewidywanej cenie sprzedaży, a jeżeli przedsięwzięcie zostało rozpoczęte przed dniem złożenia wniosku o finansowe wsparcie – informacja o dacie sporządzenia umowy sprzedaży i cenie sprzedaży; 2) wartości gruntu, wynikającej z aktualnego operatu szacunkowego, sporządzonego zgodnie z przepisami ustawy z dnia 21 sierpnia 1997 r. o gospodarce nieruchomościami (Dz. U. z 2024 r. poz. 1145, 1222, 1717 i 1881 oraz z 2025 r. poz. 1077 i 1080).
B51: Przewidywana cena sprzedaży/Cena ssprzedaży
B52: Data sporzadzenia umowy sprzedaży
B53: Wartości gruntu, wynikająca z aktualnego operatu szacunkowego
A54: III. | B54: Rodzaj przedsięwzięcia (należy wskazać właściwe)
A55: I. Kupno budynku mieszkalnego albo udziału we własności budynku mieszkalnego, w tym kupno połączone z remontem lub przebudową tego budynku, w wyniku którego zostaną utworzone lub zmodernizowane pomieszczenia służące zaspokajaniu potrzeb mieszkaniowych studentów i doktorantów.
A56: IV. | B56: Rodzaj i wielkość zasobu powstającego lub zmodernizowanego w wyniku przedsięwzięcia
A57: N. Liczba pomieszczeń służących zaspokajaniu potrzeb mieszkaniowych studentów i doktorantów oraz liczba miejsc znajdujących się w tych pomieszczeniach.
A58: Liczba pomieszczeń służących zaspokajaniu potrzeb mieszkaniowych studentów i doktorantów | T58: Liczba miejsc znajdujących się w tych pomieszczeniach
A60: V. | B60: C. Charakterystyka przedsięwzięcia określonego w art. 4a ustawy
A61: B. Kupno budynku mieszkalnego albo udziału we własności budynku mieszkalnego, w tym kupno połączone z remontem lub przebudową tego budynku, w wyniku którego zostaną utworzone lub zostaną zmodernizowane pomieszczenia służące zaspokajaniu potrzeb mieszkaniowych studentów i doktorantów:
A62: 1) adres nabywanego budynku mieszkalnego [ Miejscowość, ulica, nr porządkowy budynku, numer lokalu]
A64: 2) wielkość nabywanego udziału we własności budynku mieszkalnego
A66: 3) liczba pomieszczeń służących zaspokajaniu potrzeb mieszkaniowych studentów i doktorantów
A68: 4) powierzchnia mieszkalna pomieszczeń służących zaspokajaniu potrzeb mieszkaniowych studentów i doktorantów [m²]
A70: 5) powierzchnia użytkowa pomieszczeń służących zaspokajaniu potrzeb mieszkaniowych studentów i doktorantów [m²]
A72: C. Powierzchnia dodatkowa inna niż powierzchnia pomieszczeń służąca zaspokajaniu potrzeb mieszkaniowych studentów i doktorantów, utworzona bez wykorzystania finansowego wsparcia.
A74: VI. Dodatkowe informacje o przedsięwzięciu
A75: A. Informacja, czy przedsięwzięcie jest realizowane zgodnie z zasadami określonymi w art. 7 ustawy.
A76: Przedsięwzięcie jest realizowane zgodnie z zasadami określonymi w art. 7 ustawy.
A77: G. Informacja o sposobie wyodrębnienia kosztów przedsięwzięcia, o których mowa w art. 14 ust. 1 ustawy, które nie podlegają sfinansowaniu w ramach danego wniosku, lub też kosztów innych niż te, o których mowa w art. 14 ust. 1 ustawy.
A78: Wskaźnik (I.) powierzchniowy, zgodny z art. 15 ww. ustawy należy zastosować - jeżeli w budynku lub części budynku, w których w wyniku realizacji przedsięwzięcia powstaną lokale mieszkalne, znajdują się lub powstaną również lokale nieobjęte finansowym wsparciem, koszty, o których mowa w art. 14 ust. 1 pkt 1 i 2 ww. ustawy, których nie można wyodrębnić jako kosztów poniesionych wyłącznie na realizację przedsięwzięcia, zalicza się do kosztów przedsięwzięcia w części odpowiadającej udziałowi powierzchni użytkowej lokali mieszkalnych, w powierzchni stanowiącej sumę powierzchni użytkowej lokali, oraz powierzchni użytkowej lokali nieobjętych finansowym wsparciem. Wartość wskaźnika równa się (liczbie wskazanej w pkt V.C.B.5)/(liczbie wskazanej w pkt V.C.B.5)+liczbie wskazanej w pkt V.C.B.C)). | AJ78: =ROUNDDOWN(A71/(A71+A73),6) -> #DIV/0!
A79: Jeżeli zastosowany ww. wskaźniki kosztowy I. nie jest wystarczający, żeby wyodrębnić wszystkie koszty niekwalifikowane opisz poniżej szczegółowo informację o sposobie wyodrębnienia tych kosztów przedsięwzięcia, o których mowa w art. 14 ust. 2 ustawy, które nie podlegają sfinansowaniu w ramach danego wniosku. Koszty te rodzajowo należy wyodrębnić w pozycji w pkt VI.F. oraz wpisać dla tych pozycji wskaźnik II. kosztowy.
A81: F. Informacja o planowanych kosztach przedsięwzięcia, o których mowa w art. 14 ust. 1 ustawy, z uwzględnieniem wartości netto i brutto oraz ze wskazaniem wysokości przyjętej stawki podatku od towarów i usług, dokumentów, na podstawie których ten koszt określono (w przypadku przedsięwzięcia obejmującego remont lub przebudowę części kilku budynków w rozbiciu na poszczególne lokale mieszkalne znajdujące się w budynkach objętych wnioskiem ze wskazaniem ich adresu), a także jeżeli przedsięwzięcie obejmuje zakup, montaż lub budowę instalacji odnawialnego źródła energii, o której mowa w art. 2 pkt 13 lit. a ustawy z dnia 20 lutego 2015 r. o odnawialnych źródłach energii (Dz. U. z 2024 r. poz. 1361, z późn. zm.), z wyłączeniem magazynu biogazu rolniczego, przyłączonej do sieci dystrybucyjnej za pośrednictwem wewnętrznej instalacji, wskazanie kosztów zakupu, montażu lub budowy tej instalacji.
A82: Lp. | B82: Wyszczególnienie rodzaju kwalifikowanego kosztu | G82: Dokumenty, na podstawie których określono koszt | L82: Kwota netto [zł] | P82: Stawka Vat | T82: VAT niepodlegający odliczeniu [%] | AA82: Kwota z VAT niepodlegajaca odliczeniu [zł] | AH82: Wskaźnik kosztów kwalifikowanych <0,00-100,00%> | AK82: Kwota kosztów kwalifikowanych [zł] | AM82: Uwaga: Jeżeli dana pozycja kosztów nie ma zastosowania dla Twojego przedsięwzięcia możesz edytować zakres tabeli w kolumnach dotyczących wyszczególnienia rodzaju kosztów, stawek VAT dostosowując zestawienie kosztów do zakresu rzeczowego realizowanego przedsięwzięcia i kosztów w nim występujących. W przypadku gdy zakres rzeczowy przedsięwzięcia nie uwzględnia danych kosztów i nie masz potrzeby edycji zakresu tabeli w wierszach dotyczących kwoty netto oraz wskaźniku kosztów kwalifikowanych wprowadź zero. Jeżeli w zaproponowanym zestawieniu kosztów nie jesteś w stanie odzwierciedlić indywidualnego wyszczególnienia kosztów sporządź je w własnym zakresie, a w niniejszym zestawieniu wprowadź wartości zagregowanych kosztów.
A83: 1 | B83: 2 | G83: 3 | L83: 4 | P83: 5 | T83: 6 | AA83: 4+4*5*6=7 | AH83: 8 | AK83: 7*8=9
A84: 1 | B84: Cena zakupu | T84: 1 | AA84: =L84+ROUND(L84*P84*T84,2) -> 0 | AH84: =AJ$78 -> #DIV/0! | AK84: =ROUND(AA84*AH84,2) -> #DIV/0!
A85: 2 | P85: =IF(OR(B85=Słowniki!A$46,B85=Słowniki!A$56,B85=Słowniki!A$58,B85=Słowniki!A$59),0.08,0.23) -> 0.23 | T85: 1 | AA85: =L85+ROUND(L85*P85*T85,2) -> 0 | AH85: =AJ$78 -> #DIV/0! | AK85: =ROUND(AA85*AH85,2) -> #DIV/0!
A86: 3 | P86: =IF(OR(B86=Słowniki!A$46,B86=Słowniki!A$56,B86=Słowniki!A$58,B86=Słowniki!A$59),0.08,0.23) -> 0.23 | T86: 1 | AA86: =L86+ROUND(L86*P86*T86,2) -> 0 | AH86: =AJ$78 -> #DIV/0! | AK86: =ROUND(AA86*AH86,2) -> #DIV/0!
A87: 4 | P87: =IF(OR(B87=Słowniki!A$46,B87=Słowniki!A$56,B87=Słowniki!A$58,B87=Słowniki!A$59),0.08,0.23) -> 0.23 | T87: 1 | AA87: =L87+ROUND(L87*P87*T87,2) -> 0 | AH87: =AJ$78 -> #DIV/0! | AK87: =ROUND(AA87*AH87,2) -> #DIV/0!
A88: 5 | P88: =IF(OR(B88=Słowniki!A$46,B88=Słowniki!A$56,B88=Słowniki!A$58,B88=Słowniki!A$59),0.08,0.23) -> 0.23 | T88: 1 | AA88: =L88+ROUND(L88*P88*T88,2) -> 0 | AH88: =AJ$78 -> #DIV/0! | AK88: =ROUND(AA88*AH88,2) -> #DIV/0!
A89: 6 | P89: =IF(OR(B89=Słowniki!A$46,B89=Słowniki!A$56,B89=Słowniki!A$58,B89=Słowniki!A$59),0.08,0.23) -> 0.23 | T89: 1 | AA89: =L89+ROUND(L89*P89*T89,2) -> 0 | AH89: =AJ$78 -> #DIV/0! | AK89: =ROUND(AA89*AH89,2) -> #DIV/0!
A90: 7 | P90: =IF(OR(B90=Słowniki!A$46,B90=Słowniki!A$56,B90=Słowniki!A$58,B90=Słowniki!A$59),0.08,0.23) -> 0.23 | T90: 1 | AA90: =L90+ROUND(L90*P90*T90,2) -> 0 | AH90: =AJ$78 -> #DIV/0! | AK90: =ROUND(AA90*AH90,2) -> #DIV/0!
A91: 8 | P91: =IF(OR(B91=Słowniki!A$46,B91=Słowniki!A$56,B91=Słowniki!A$58,B91=Słowniki!A$59),0.08,0.23) -> 0.23 | T91: 1 | AA91: =L91+ROUND(L91*P91*T91,2) -> 0 | AH91: =AJ$78 -> #DIV/0! | AK91: =ROUND(AA91*AH91,2) -> #DIV/0!
A92: 9 | P92: =IF(OR(B92=Słowniki!A$46,B92=Słowniki!A$56,B92=Słowniki!A$58,B92=Słowniki!A$59),0.08,0.23) -> 0.23 | T92: 1 | AA92: =L92+ROUND(L92*P92*T92,2) -> 0 | AH92: =AJ$78 -> #DIV/0! | AK92: =ROUND(AA92*AH92,2) -> #DIV/0!
A93: 10 | P93: =IF(OR(B93=Słowniki!A$46,B93=Słowniki!A$56,B93=Słowniki!A$58,B93=Słowniki!A$59),0.08,0.23) -> 0.23 | T93: 1 | AA93: =L93+ROUND(L93*P93*T93,2) -> 0 | AH93: =AJ$78 -> #DIV/0! | AK93: =ROUND(AA93*AH93,2) -> #DIV/0!
A94: 11 | P94: =IF(OR(B94=Słowniki!A$46,B94=Słowniki!A$56,B94=Słowniki!A$58,B94=Słowniki!A$59),0.08,0.23) -> 0.23 | T94: 1 | AA94: =L94+ROUND(L94*P94*T94,2) -> 0 | AH94: =AJ$78 -> #DIV/0! | AK94: =ROUND(AA94*AH94,2) -> #DIV/0!
A95: 23 | B95: Razem | L95: =SUM(L84:O94) -> 0 | P95: n/d | T95: n/d | AA95: =SUM(AA84:AG94) -> 0 | AH95: n/d | AK95: =ROUND(SUM(AK84:AL94),2) -> #DIV/0!
A96: Informuję, że wszystkie wymienione powyżej koszty są kosztami kwalifikowanymi w rozumieniu art. 14 ust. 1 ustawy o finansowym wsparciu niektórych przedsięwzięć mieszkaniowych. W kosztach kwalifikowanych nie zostały ujęte w szczególności: koszty związane z powierzchnią dodatkową inną niż powierzchnia pomieszczeń służąca zaspokajaniu potrzeb mieszkaniowych studentów i doktorantów, drogami publicznymi, siecią wodociągową, siecią kanalizacji sanitarnej, deszczowej, ogólnospławnej, siecią gazową, siecią energetyczną, siecią cieplną, siecią telekomunikacyjną (w zakresie wykraczającym poza koszty wykonania niezbędnego uzbrojenia terenu na działce, działkach, na których realizowane jest przedsięwzięcie), koszty sporządzenia operatu szacunkowego oraz inne koszty nie ujęte w art.14 ww. ustawy.
B97: Wysokość finansowego wsparcia [%] | T97: 0.8
B98: Kwota finansowego wsparcia [zł] | T98: =ROUNDDOWN(AK95*(T97),2) -> #DIV/0! | AM98: Wróć do wypełniania wniosku
A99: H. Informacja, czy beneficjentowi wsparcia lub inwestorowi przysługuje prawo do obniżenia kwoty podatku należnego o kwotę podatku naliczonego związanego z tym przedsięwzięciem lub zwrot tego podatku (z wyłączeniem przedsięwzięć, o których mowa w art. 3 ust. 1 pkt 5 ustawy).
A100: Beneficjentowi wsparcia nie przysługuje prawo do obniżenia kwoty podatku należnego o kwotę podatku naliczonego związanego z tym przedsięwzięciem lub zwrot tego podatku. | AM100: Wybrać "nie dotyczy realizowanego przedsięwzięcia" w przypadku przedsięwzięć, o których mowa w art. 3 ust. 1 pkt 5 ustawy
A101: ZA. Informacja, czy beneficjent wsparcia lub inwestor posiada prawo własności lub użytkowania wieczystego lub dzierżawy lub użyczenia gruntu, na którym realizowane jest przedsięwzięcie, albo prawo własności budynku lub części budynku (w tym lokali), w którym realizowane jest przedsięwzięcie, albo o posiadanym prawie własności lub dzierżawy lub użytkowania wieczystego gruntu (dla przedsięwzięć, o których mowa w art. 3 ust. 1, art. 4, art. 4a ust. 1, art. 5 ust. 1 i art. 5c ustawy)
AM102: Wybierz właściwą informację
A103: ZJ. Informacja, czy przed złożeniem danego wniosku o finansowe wsparcie, budynek lub jego część, które są aktualnie przedmiotem przedsięwzięcia, podlegał finansowaniu ze środków Funduszu Dopłat. Jeżeli tak, to informacja czy przedsięwzięcie, w ramach którego finansowany był ten budynek lub ta część zostało rozliczone i czy nastąpiło to na więcej niż 15 lat przez złożeniem niniejszego wniosku.
A104: ZE. Informacja, czy przed złożeniem danego wniosku o finansowe wsparcie, budynek lub jego część, które są aktualnie przedmiotem przedsięwzięcia, podlegał finansowaniu ze środków Funduszu Dopłat. Jeżeli tak, to informacja czy przedsięwzięcie, w ramach którego finansowany był ten budynek lub ta część zostało rozliczone i kiedy nastąpiło to rozliczenie.
A105: Informuję, że przed złożeniem wniosku o finansowe wsparcie, budynek lub jego część, które są aktualnie przedmiotem przedsięwzięcia, nie podlegał finansowaniu ze środków Funduszu Dopłat lub rozliczenie to nastąpiło na więcej niż 25 lat przez złożeniem niniejszego wniosku.
A106: ZG. W przypadku przedsięwzięcia, o którym mowa w art. 4a ustawy, informacja, czy pomieszczenia służące zaspokajaniu potrzeb mieszkaniowych studentów i doktorantów, pozyskanych przy udziale finansowego wsparcia na podstawie ustawy, będą wyposażone w oświetlenie naturalne i elektryczne, możliwość ogrzewania, niezawilgocone przegrody budowlane oraz wyposażone lub obejmujące bezpośredni dostęp do aneksu wyposażonego w źródło zaopatrzenia w wodę, ustęp oraz urządzenie do gotowania posiłków.
A107: Informuję, że pomieszczenia służące zaspokajaniu potrzeb mieszkaniowych studentów i doktorantów, pozyskanych przy udziale finansowego wsparcia na podstawie ustawy, będą wyposażone w oświetlenie naturalne i elektryczne, możliwość ogrzewania, niezawilgocone przegrody budowlane oraz wyposażone lub obejmujące bezpośredni dostęp do aneksu wyposażonego w źródło zaopatrzenia w wodę, ustęp oraz urządzenie do gotowania posiłków.
A108: ZH. Informacja, czy minimalna powierzchnia pomieszczenia służącego zaspokajaniu potrzeb mieszkaniowych studentów i doktorantów wynosi 8 m² powierzchni mieszkalnej na jedną osobę.
A109: Informuję, że minimalna powierzchnia pomieszczenia służącego zaspokajaniu potrzeb mieszkaniowych studentów i doktorantów wynosi przynajmniej 8 m² powierzchni mieszkalnej na jedną osobę.
A110: ZI. W przypadku przedsięwzięcia, o którym mowa w art. 4a ustawy, informacja, czy na realizację przedsięwzięcia została udzielona dotacja celowa na podstawie art. 365 pkt 4 lit. a ustawy z dnia 20 lipca 2018 r. – Prawo o szkolnictwie wyższym i nauce (Dz. U. z 2024 r. poz. 1571, z późn. zm. )).
A111: Informuję, że na realizację przedsięwzięcia nie została udzielona dotacja celowa na podstawie art. 365 pkt 4 lit. a ustawy z dnia 20 lipca 2018 r. – Prawo o szkolnictwie wyższym i nauce (Dz. U. z 2024 r. poz. 1571, z późn. zm. )).
A112: ZJ. W przypadku przedsięwzięcia, o którym mowa w art. 4a ustawy, informacja, czy tworzone lokale mieszkalne będą wynajmowane i użytkowane na zasadach wskazanych w art. 7a ust. 1 pkt 1 i art.7c ust. 3a ustawy.
A113: Informauję, że tworzone lokale mieszkalne będą wynajmowane i użytkowane na zasadach wskazanych w art. 7a ust. 1 pkt 1 i art.7c ust. 3a ustawy. | AM113: Wybierz właściwą informację
A114: ZL. Informacja, czy koszty przedsięwzięcia obejmują koszty związane z zakupem, montażem i uruchomieniem indywidualnego kotła zasilanego paliwami kopalnymi.
A115: Informuję, że koszty przedsięwzięcia nie obejmują kosztów związanych z zakupem, montażem i uruchomieniem indywidualnego kotła zasilanego paliwami kopalnymi. | AM115: Wybierz właściwą informację
A116: VII. Zgoda na przekazywanie informacji
A117: Informuję o wyrażeniu zgody na przekazywanie przez Bank Gospodarstwa Krajowego wszelkich informacji o realizowanym przedsięwzięciu oraz na udostępnianie i przekazywanie dokumentacji fotograficznej przedsięwzięcia ministrowi właściwemu do spraw budownictwa, planowania i zagospodarowania przestrzennego oraz mieszkalnictwa.
A118: Jednocześnie potwierdzam za zgodność z oryginałem wszystkie przedłożone do wniosku o finansowe wsparcie dokumenty.
A119: W imieniu beneficjenta, udzielam pełnomocnictwa osobie wskazanej w pkt I.E. niniejszego wniosku do uzyskiwania informacji oraz wyjaśnień we wszystkich sprawach dotyczących wniosku, w tym w zakresie jego rozpatrywania, uzupełnień, rozstrzygnięć, a w przypadku przyznania finansowego wsparcia– również do uzyskiwania informacji w zakresie zawarcia umowy, jej aneksowania, realizacji przedsięwzięcia, rozliczenia, obowiązków po rozliczeniu oraz kontroli.
...

Sheet Słowniki
A1: Beneficjent wsparcia | B1: Doprecyzowanie beneficjenta wsparcia | C1: jak wyżej | D1: Rodzaj przedsięwzięcia (należy wskazać właściwe) | F1: IV. Rodzaj i wielkość zasobu powstającego lub zmodernizowanego w wyniku przedsięwzięcia | H1: Przedsięwzięcie | I1: Przedsięwzięcie | J1: V. A. Charakterystyka przedsięwzięcia określonego w art. 3 i art. 5 ustawy | N1: 41640 | O1: VII. Oświadczenie o prawdziwości danych zawartych we wniosku, podpisane przez | P1: Pieczęć i podpis beneficjenta wsparcia | Q1: Pieczęć i podpis Wójta, Burmistrza, Prezydenta Miasta | U1: Przedsięwzięcie jest realizowane zgodnie z zasadami określonymi w art. 7 ustawy. | W1: Beneficjentowi wsparcia nie przysługuje prawo do obniżenia kwoty podatku należnego o kwotę podatku naliczonego związanego z tym przedsięwzięciem lub zwrot tego podatku. | X1: Inwestorowi nie przysługuje prawo do obniżenia kwoty podatku należnego o kwotę podatku naliczonego związanego z tym przedsięwzięciem lub zwrot tego podatku | Y1: Informuję, że pomieszczenia służące zaspokajaniu potrzeb mieszkaniowych studentów i doktorantów, pozyskanych przy udziale finansowego wsparcia na podstawie ustawy, będą wyposażone w oświetlenie naturalne i elektryczne, możliwość ogrzewania, niezawilgocone przegrody budowlane oraz wyposażone lub obejmujące bezpośredni dostęp do aneksu wyposażonego w źródło zaopatrzenia w wodę, ustęp oraz urządzenie do gotowania posiłków. | AA1: TAK | AC1: Pieczęć i podpis beneficjenta wsparcia | AO1: Przewidywana data rozpoczęcia realizacji przedsięwzięcia / Data rozpoczęcia realizacji przedsięwzięcia (dzień, miesiąc (słownie) i rok). | AP1: Data zakończenia realizacji przedsięwzięcia (dzień, miesiąc (słownie) i rok). | AQ1: 39083
A2: Związek międzygminny | B2: podstawowa jednostka samorządu terytorialnego, o której mowa w art. 1 ust. 2 ustawy z dnia 8 marca 1990 r. o samorządzie gminnym (Dz. U. z 2017 r. poz. 1875 z późn. zm.). | D2: A. Budowa budynku. | F2: A. Liczba lokali wchodzących w skład mieszkaniowego zasobu gminy, w tym liczba lokali, które zostaną utworzone i liczba lokali, które zostaną zmodernizowane. | H2: A. Charakterystyka przedsięwzięcia określonego w art. 3 ustawy | I2: A. Charakterystyka przedsięwzięcia określonego w art. 3 ustawy | J2: A. W przypadku budowy budynku, remontu, przebudowy lub zmiany sposobu użytkowania budynku lub jego części: | M2: V. B. Charakterystyka przedsięwzięcia określonego w art. 4 ustawy | O2: 1) w przypadku gminy - wójta (burmistrza, prezydenta miasta); | P2: Nie dotyczy realizowanego przedsięwzięcia | Q2: Nie dotyczy realizowanego przedsięwzięcia | U2: Przedsięwzięcie nie jest realizowane zgodnie z zasadami określonymi w art. 7 ustawy. | W2: Beneficjentowi wsparcia przysługuje prawo do obniżenia kwoty podatku należnego o kwotę podatku naliczonego związanego z tym przedsięwzięciem lub zwrot tego podatku. | X2: Inwestorowi przysługuje prawo do obniżenia kwoty podatku należnego o kwotę podatku naliczonego związanego z tym przedsięwzięciem lub zwrot tego podatku | Y2: Informuję, że pomieszczenia służące zaspokajaniu potrzeb mieszkaniowych studentów i doktorantów, pozyskanych przy udziale finansowego wsparcia na podstawie ustawy, nie będą wyposażone w oświetlenie naturalne i elektryczne, możliwość ogrzewania, niezawilgocone przegrody budowlane oraz wyposażone lub obejmujące bezpośredni dostęp do aneksu wyposażonego w źródło zaopatrzenia w wodę, ustęp oraz urządzenie do gotowania posiłków. | AA2: NIE | AC2: Pieczęć i podpis inwestora | AE2: Z. Informacja, czy beneficjent wsparcia lub inwestor posiada prawo własności lub użytkowania wieczystego lub dzierżawy lub użyczenia gruntu, na którym realizowane jest przedsięwzięcie, albo prawo własności budynku lub części budynku (w tym lokali), w którym realizowane jest przedsięwzięcie, albo o posiadanym prawie własności lub użytkowania wieczystego gruntu (dla przedsięwzięć, o których mowa w art. 3 ust. 1, art. 4, art. 5 ust. 1 oraz art. 5c ustawy). | AO2: Przewidywana data rozpoczęcia realizacji przedsięwzięcia (dzień, miesiąc (słownie) i rok). | AP2: Przewidywana data zakończenia realizacji przedsięwzięcia / Data zakończenia realizacji przedsięwzięcia (dzień, miesiąc (słownie) i rok).
A3: Gmina | B3: jednostka samorządu terytorialnego II stopnia, o którejh mowa w art. 1 ust. 2 ustawy z dnia 5 czerwca 1998 r. o samorządzie powiatowym (Dz. U. z 2017 r. poz. 1868 z późn. zm.) | C3: NIE | D3: B. Remont budynku albo jego części. | E3: B. Remont budynku albo jego części (remont budynku mieszkalnego będącego własnością gminy lub jednoosobowej spółki gminnej albo części takiego budynku, jeżeli ten remont nie dotyczy lokalu mieszkalnego zajmowanego przez lokatora na podstawie obowiązującej umowy najmu). | F3: Nie dotyczy | H3: A. Charakterystyka przedsięwzięcia określonego w art. 5 ustawy | I3: A. Charakterystyka przedsięwzięcia określonego w art. 3 ustawy | J3: B. W przypadku kupna lokali mieszkalnych, budynku mieszkalnego albo udziału we współwłasności budynku mieszkalnego w tym kupna połączonego z remontem tych lokali lub budynku mieszkalnego: | M3: A. Budowa budynku: | O3: 2) w przypadku związku międzygminnego - zarząd związku; | P3: Pieczęć i podpis inwestora | Q3: Nie dotyczy realizowanego przedsięwzięcia | U3: W lokalach mieszkalnych pozyskanych przy udziale finansowego wsparcia na podstawie ustawy zostanie zainstalowane wyposażenie, o którym mowa w art. 6b ustawy. | V3: W lokalach mieszkalnych pozyskanych przy udziale finansowego wsparcia na podstawie ustawy zostanie zainstalowane wyposażenie, o którym mowa w art. 6b ustawy. | W3: Przedsięwzięcie jest objęte gminnym programem rewitalizacji w rozumieniu przepisu art. 15 ustawy z dnia 9 października 2015 r. o rewitalizacji (Dz. U. z 2024 r. poz. 278). | X3: Informuję, że przedsięwzięcie jest realizowane przy udziale finansowania zwrotnego, o którym mowa w art. 15a ust. 1 ustawy z dnia 26 października 1995 r. o społecznych formach rozwoju mieszkalnictwa oraz wysokość środków publicznych przekazanych inwestorowi na tworzenie lokali mieszkalnych na wynajem z udziałem gminy albo związku międzygminnego z tytułu finansowego wsparcia udzielanego na zasadach określonych w ustawie oraz finansowania zwrotnego nie przekracza dopuszczalnej wysokości rekompensaty, o której mowa w art. 5 ust 5 ustawy – w przypadku gdy z realizacją przedsięwzięcia jest związane zawarcie umowy, o której mowa w art. 5 ust. 2 pkt 1 ustawy. | Y3: Informuję, że minimalna powierzchnia pomieszczenia służącego zaspokajaniu potrzeb mieszkaniowych studentów i doktorantów wynosi przynajmniej 8 m² powierzchni mieszkalnej na jedną osobę. | AA3: 0 | AC3: Budowa -> zasób lokale mieskzlane mzg, mieszkania chronione | AD3: Przebudowa lub remont, zmiana sposobu użytkowania -> zasób lokale mieskzlane mzg, mieszkania chronione | AE3: Art.. 5 | AF3: Art.. 5 - SAN
A4: Powiat | B4: związki międzygminne, o których mowa w art. 64 ustawy z dnia 8 marca 1990 r. o samorządzie gminnym (Dz. U. z 2017 r. poz. 1875 z późn. zm.) Związki międzygminne tworzone są przez gminy w celu wspólnego wykonywania zadań publicznych | C4: TAK | D4: C. Przebudowa budynku albo jego części. | E4: C. Przebudowa budynku albo jego części (przebudowa budynku mieszkalnego będącego własnością gminy lub jednoosobowej spółki gminnej albo części takiego budynku, jeżeli ta przebudowa nie dotyczy lokalu mieszkalnego zajmowanego przez lokatora na podstawie obowiązującej umowy najmu). | F4: B. Liczba mieszkań wspomaganych. | H4: B. Charakterystyka przedsięwzięcia określonego w art. 4 ustawy | I4: A. Charakterystyka przedsięwzięcia określonego w art. 3 ustawy | J4: C. W przypadku tworzenia lokali mieszkalnych na wynajem, powstających w wyniku realizacji przez inwestora innego niż gmina albo związek międzygminny budowy budynku, remontu lub przebudowy budynku lub jego części: | M4: 1. Noclegownia: | O4: 3) w przypadku powiatu - starostę; | Q4: Załącznik nr | U4: W lokalach mieszkalnych pozyskanych przy udziale finansowego wsparcia na podstawie ustawy niezostanie zainstalowane wyposażenie, o którym mowa w art. 6b ustawy. Wskaż w opisie poniżej przyczyny braku instalacji wyposażenia, o którym mowa w art. 6b ustawy. | V4: W lokalach mieszkalnych pozyskanych przy udziale finansowego wsparcia na podstawie ustawy niezostanie zainstalowane wyposażenie, o którym mowa w art. 6b ustawy. Wskaż w opisie poniżej przyczyny braku instalacji wyposażenia, o którym mowa w art. 6b ustawy. | W4: Przedsięwzięcie nie jest objęte gminnym programem rewitalizacji w rozumieniu przepisu art. 15 ustawy z dnia 9 października 2015 r. o rewitalizacji (Dz. U. z 2024 r. poz. 278). | X4: Informuję, że przedsięwzięcie nie jest realizowane przy udziale finansowania zwrotnego, o którym mowa w art. 15a ust. 1 ustawy z dnia 26 października 1995 r. o społecznych formach rozwoju mieszkalnictwa, a wysokość środków publicznych przekazanych inwestorowi na tworzenie lokali mieszkalnych na wynajem z udziałem gminy albo związku międzygminnego z tytułu finansowego wsparcia udzielanego na zasadach określonych w ustawie nie przekracza dopuszczalnej wysokości rekompensaty, o której mowa w art. 5 ust 5 ustawy – w przypadku gdy z realizacją przedsięwzięcia jest związane zawarcie umowy, o której mowa w art. 5 ust. 2 pkt 1 ustawy. | Y4: Informuję, że minimalna powierzchnia pomieszczenia służącego zaspokajaniu potrzeb mieszkaniowych studentów i doktorantów wynosi jest mniejsza niż 8 m² powierzchni mieszkalnej na jedną osobę. | AC4: Informuję, (informacja beneficjenta wsparcia) że posiadam prawo własności lub prawo użytkowania wieczystego gruntu, na którym jest realizowane przedsięwzięcie. | AD4: Informuję, że posiadam prawo własności budynku lub części budynku (w tym lokali), w którym realizowane jest przedsięwzięcie. | AE4: Informuję, że (inwestor) posiada prawo własności lub użytkowania wieczystego gruntu, na którym realizowane jest przedsięwzięcie. | AF4: Informuję, że (inwestor) posiada prawo własności lokalu mieszkalnego, budynku mieszkalnego jednorodzinnego, budynku innego niż mieszkalny albo części takiego budynku, w którym realizowane jest przedsięwzięcie.
A5: Organizacja pozarządowa | B5: organizację pozarządową, o której mowa w art. 3 ust. 2 ustawy z dnia 24 kwietnia 2003 r. o działalności pożytku publicznego i o wolontariacie (Dz. U. z 2020 r. poz. 1057), zwanej dalej „organizacją pozarządową”, | C5: NIE DOTYCZY | D5: D. Zmiana sposobu użytkowania budynku albo jego części. | E5: B. Remont budynku albo jego części (udziela się również gdy remont dotyczy lokalu mieszkalnego zajmowanego przez lokatora na podstawie obowiązującej umowy najmu, jeżeli beneficjent wsparcia uzyskał premię, o której mowa w art. 11g ust. 1 ustawy z dnia 21 listopada 2008 r. o wspieraniu termomodernizacji i remontów oraz o centralnej ewidencji emisyjności budynków (Dz. U. z 2023 r. poz. 2496), z tytułu realizacji przedsięwzięcia termomodernizacyjnego lub remontowego w budynku, w którym znajdują się te lokale mieszkalne, i realizuje to przedsięwzięcie łącznie z remontem lub przebudową tego lokalu). | F5: B. Liczba mieszkań treningowych. | I5: A. Charakterystyka przedsięwzięcia określonego w art. 3 ustawy | M5: 1) adres nieruchomości; | O5: 4) w przypadku jednoosobowej spółki gminnej, organizacji pozarządowej albo podmiotów, o których mowa w art. 3 ust. 3 ustawy z dnia 24 kwietnia 2003 r. o działalności pożytku publicznego i o wolontariacie- osobę lub osoby uprawnione do składania oświadczeń woli w imieniu spółki i organizacji (należy dołączyć aktualny dokument potwierdzający uprawnienia) | U5: Przedsięwzięcie zostało zakończone przed dniem złożenia wniosku, o którym mowa w art. 8 ust. 1 ustawy. | V5: Nie dotyczy w przypadku przedsięwzięć, o których mowa w art. 3 ust. 2-3 ustawy | W5: Część lokali będzie przeznaczona dla rodzin z dziećmi posiadającymi zaświadczenie, o którym mowa w art. 4 ust. 3 ustawy z dnia 4 listopada 2016 r. o wsparciu kobiet w ciąży i rodzin „Za życiem” (Dz. U. z 2023 r. poz. 1923). | Y5: Informuję, że na realizację przedsięwzięcia nie została udzielona dotacja celowa na podstawie art. 365 pkt 4 lit. a ustawy z dnia 20 lipca 2018 r. – Prawo o szkolnictwie wyższym i nauce (Dz. U. z 2024 r. poz. 1571, z późn. zm. )). | AD5: Informuję, że nie posiadam prawa własności budynku lub części budynku (w tym lokali), w którym realizowane jest przedsięwzięcie.
A6: Podmiot, o którym mowa w art. 3 ust. 3 ustawy z dnia 24 kwietnia 2003 r. o działalności pożytku publicznego i o wolontariacie | B6: podmioty, o których mowa w art. 3 ust. 3 ustawy z dnia 24 kwietnia 2003 r. o działalności pożytku publicznego i o wolontariacie;”, | D6: E. Kupno lokalu mieszkalnego, budynku mieszkalnego albo udziału we współwłasności budynku mieszkalnego. | E6: C. Przebudowa budynku albo jego części (udziela się również gdy przebudowa dotyczy lokalu mieszkalnego zajmowanego przez lokatora na podstawie obowiązującej umowy najmu, jeżeli beneficjent wsparcia uzyskał premię, o której mowa w art. 11g ust. 1 ustawy z dnia 21 listopada 2008 r. o wspieraniu termomodernizacji i remontów oraz o centralnej ewidencji emisyjności budynków (Dz. U. z 2023 r. poz. 2496), z tytułu realizacji przedsięwzięcia termomodernizacyjnego lub remontowego w budynku, w którym znajdują się te lokale mieszkalne, i realizuje to przedsięwzięcie łącznie z remontem lub przebudową tego lokalu). | F6: C. Liczba tymczasowych pomieszczeń. | I6: A. Charakterystyka przedsięwzięcia określonego w art. 3 ustawy | J6: A. W przypadku budowy budynku, jego remontu, przebudowy lub zmiany sposobu jego użytkowania: | M6: 2) nowa powierzchnia użytkowa noclegowni w m2, w tym w sypialniach w m2; | O6: 1) w przypadku gminy - wójta (burmistrza, prezydenta miasta); | U6: Przedsięwzięcie nie zostało zakończone przed dniem złożenia wniosku, o którym mowa w art. 8 ust. 1 ustawy. | W6: Żaden lokal nie będzie przeznaczony dla rodzin z dziećmi posiadającymi zaświadczenie, o którym mowa w art. 4 ust. 3 ustawy z dnia 4 listopada 2016 r. o wsparciu kobiet w ciąży i rodzin „Za życiem” (Dz. U. z 2023 r. poz. 1923). | X6: Gmina została dotknięta skutkami powodzi. | Y6: Informuję, że na realizację przedsięwzięcia została udzielona dotacja celowa na podstawie art. 365 pkt 4 lit. a ustawy z dnia 20 lipca 2018 r. – Prawo o szkolnictwie wyższym i nauce (Dz. U. z 2024 r. poz. 1571, z późn. zm. )).
A7: Jednoosobowa spółka gminna | B7: spółki z ograniczoną odpowiedzialnością lub spółki akcyjne, niedziałające w formie towarzystwa budownictwa społecznego, których wszystkie udziały albo akcje należą do jednego wspólnika albo akcjonariusza, a tym wspólnikiem albo akcjonariuszem jest gmina i którym gmina powierzyła realizację zadania własnego w zakresie zaspokajania potrzeb mieszkaniowych wspólnoty samorządowej | C7: B. Remont budynku albo jego części. | D7: F. Kupno lokalu mieszkalnego, budynku mieszkalnego albo udziału we współwłasności budynku mieszkalnego połączone z remontem tego lokalu lub budynku mieszkalnego. | E7: D. Zmiana sposobu użytkowania budynku albo jego części. | F7: D. Liczba mieszkań pozyskiwanych w wyniku realizacji inwestycji przez społeczną inicjatywę mieszkaniową albo spółkę gminną, gdy z realizacją przedsięwzięcia jest związane zawarcie umowy, o której mowa w art. 5 ust. 2 pkt 1 ustawy, w przypadku, o którym mowa w art. 5a ust. 1 ustawy: 1) mieszkania przeznaczone do podnajmowania osobom spełniającym warunki otrzymania lokalu wchodzącego w skład mieszkaniowego zasobu gminy. | H7: 2) mieszkania treningowe lub wspomagane. | I7: A. Charakterystyka przedsięwzięcia określonego w art. 3 ustawy | J7: B. Remont, przebudowa, rozbudowa lub nadbudowa istniejącej noclegowni, istniejącego schroniska dla osób bezdomnych lub istniejącej ogrzewalni, w wyniku których nastąpi dostosowanie noclegowni, schroniska dla osób bezdomnych lub ogrzewalni do standardów, o których mowa w przepisach wydanych na podstawie art. 48a ust. 14 ustawy z dnia 12 marca 2004 r. o pomocy społecznej – zakres informacji taki jak w lit. A. | M7: 3) nowa powierzchnia użytkowa niestanowiąca noclegowni; | O7: 2) w przypadku powiatu - starostę; | W7: Inwestorowi nie przysługuje prawo do obniżenia kwoty podatku należnego o kwotę podatku naliczonego związanego z tym przedsięwzięciem lub zwrot tego podatku. | X7: Nie dotyczy realizowanego przedsięwzięwzięcia | Y7: Informuję, że wartość wskaźnika rocznego zapotrzebowania na nieodnawialną energię pierwotną EP w budynku powstałym w ramach przedsięwzięcia nie przekracza 52 kWh/(m²×rok). | AC7: Informuję, (informacja beneficjenta wsparcia będącego powiatem albo organizacją pożytku publicznego) że prawo własności lub prawo użytkowania wieczystego gruntu, na którym jest realizowane przedsięwzięcie, posiada gmina lub jednoosobowa spółka gminna lub Skarb Państwa, w związku z art. 6 ust. 1 ustawy. Jednocześnie informuję, że (informacja beneficjenta wsparcia) że posiadam prawo dzierżawy lub prawo użyczenia gruntu, na którym jest realizowane przedsięwzięcie. | AD7: Informuję, (informacja beneficjenta wsparcia będącego powiatem albo organizacją pożytku publicznego) że prawo własności lub prawo użytkowania wieczystego gruntu na którym jest realizowane przedsięwzięcie, posiada gmina lub jednoosobowa spółka gminna lub Skarb Państwa, w związku z art. 6 ust. 1 ustawy. Jednocześnie informuję, że posiadam prawo dzierżawy lub prawo użyczenia gruntu, na którym jest realizowane przedsięwzięcie.
A8: Uczelnia publiczna | C8: C. Przebudowa budynku albo jego części. | D8: G. Budowa infrastruktury technicznej lub infrastruktury społecznej. | E8: NIE DOTYCZY | F8: E. Liczba lokali mieszkalnych na wynajem tworzonych z udziałem gminy albo związku międzygminnego w wyniku realizacji inwestycji przez inwestora, w przypadku gdy z realizacją przedsięwzięcia jest związane zawarcie umowy, o której mowa w art. 5 ust. 2 pkt 1 ustawy. | M8: 4) nowa liczba miejsc w sypialniach; | O8: 3) w przypadku jednoosobowej spółki gminnej, organizacji pozarządowej albo podmiotów, o których mowa w art. 3 ust. 3 ustawy z dnia 24 kwietnia 2003 r. o działalności pożytku publicznego i o wolontariacie- osobę lub osoby uprawnione do składania oświadczeń woli w imieniu spółki i organizacji (należy dołączyć aktualny dokument potwierdzający uprawnienia) | W8: Inwestorowi przysługuje prawo do obniżenia kwoty podatku należnego o kwotę podatku naliczonego związanego z tym przedsięwzięciem lub zwrot tego podatku. | X8: Informuję, że przedsięwzięcie nie jest realizowane przy udziale finansowania zwrotnego, o którym mowa w art. 15a ust. 1 ustawy z dnia 26 października 1995 r. o społecznych formach rozwoju mieszkalnictwa. | Y8: Informuję, że wartość wskaźnika rocznego zapotrzebowania na nieodnawialną energię pierwotną EP w budynku powstałym w ramach przedsięwzięcia przekracza n 52 kWh/(m²×rok). | AC8: Informuję, (informacja inwestora) że posiadam prawo własności lub prawo użytkowania wieczystego gruntu, na którym jest realizowane przedsięwzięcie.
B9: Nie posiadam adresu do doręczeń elektronicznych | C9: NIE DOTYCZY | D9: H. Przebudowa infrastruktury technicznej lub infrastruktury społecznej. | F9: F. Liczba mieszkań pozyskiwanych w wyniku realizacji inwestycji przez społeczną agencję najmu, w przypadku gdy z realizacją przedsięwzięcia związane jest zawarcie umowy, o której mowa w art. 22b ustawy z dnia 26 października 1995 r. o społecznych formach rozwoju mieszkalnictwa. | M9: 5) dotychczasowa powierzchnia użytkowa noclegowni w m2, w tym w sypialniach w m2; | W9: Nie dotyczy realizowanego przedsięwzięwzięcia | X9: Informuję, że przedsięwzięcie jest realizowane przy udziale finansowania zwrotnego, o którym mowa w art. 15a ust. 1 ustawy z dnia 26 października 1995 r. o społecznych formach rozwoju mieszkalnictwa. | Y9: Informuję, że koszty przedsięwzięcia nie obejmują kosztów związanych z zakupem, montażem i uruchomieniem indywidualnego kotła zasilanego paliwami kopalnymi. | AC9: Informuję, (informacja inwestora) że posiadam prawo dzierżawy lub użyczenia gruntu, na którym jest realizowane przedsięwzięcie. | AD9: Informuję, że posiadam prawo własności budynku lub części budynku (w tym lokali), w którym realizowane jest przedsięwzięcie.
A10: Rodzaj przedsięwzięcia | C10: NIE DOTYCZY | F10: G. Liczba miejsc w noclegowniach. | M10: 6) całkowita liczba miejsc w sypialniach, po zakończeniu realizacji przedsięwzięcia, w podziale na poszczególne sypialnie; | W10: Informuję, że przedsięwzięcie spełnia standardy, o których mowa w przepisach wydanych na podstawie art. 53 ust. 24 ustawy z dnia 12 marca 2004 r. o pomocy społecznej – w przypadku przedsięwzięcia, o którym mowa w art. 6 ustawy. | X10: Nie dotyczy realizowanego przedsięwzięwzięcia | Y10: Informuję, że koszty przedsięwzięcia obejmują kosztów związanych z zakupem, montażem i uruchomieniem indywidualnego kotła zasilanego paliwami kopalnymi. | AD10: Nie dotyczy realizowanego przedsięwzięwzięcia
A11: BB - budowa budynku | C11: B. Remont budynku albo jego części (remont budynku mieszkalnego będącego własnością gminy lub jednoosobowej spółki gminnej albo części takiego budynku, jeżeli ten remont nie dotyczy lokalu mieszkalnego zajmowanego przez lokatora na podstawie obowiązującej umowy najmu). | F11: H. Liczba miejsc w schroniskach dla osób bezdomnych. | I11: A. Charakterystyka przedsięwzięcia określonego w art. 5 ustawy | M11: 7) całkowita liczba natrysków, kabin WC, pisuarów i umywalek po zakończeniu realizacji przedsięwzięcia. | W11: Nie dotyczy realizowanego przedsięwzięwzięcia | X11: Informuję, że tworzone lokale mieszkalne na wynajem będą wynajmowane i użytkowane na zasadach wskazanych w art. 7a–7f ustawy. | Y11: Informauję, że tworzone lokale mieszkalne będą wynajmowane i użytkowane na zasadach wskazanych w art. 7a ust. 1 pkt 1 i art.7c ust. 3a ustawy. | AE11: Z. Informacja, czy beneficjent wsparcia lub inwestor posiada prawo własności lub użytkowania wieczystego lub dzierżawy lub użyczenia gruntu, na którym realizowane jest przedsięwzięcie, albo prawo własności budynku lub części budynku (w tym lokali), w którym realizowane jest przedsięwzięcie, albo o posiadanym prawie własności lub użytkowania wieczystego gruntu (dla przedsięwzięć, o których mowa w art. 3 ust. 1, art. 4, art. 5 ust. 1 oraz art. 5c ustawy).
A12: BB-TBS - budowa budynku przez TBS lub SG | C12: C. Przebudowa budynku albo jego części (przebudowa budynku mieszkalnego będącego własnością gminy lub jednoosobowej spółki gminnej albo części takiego budynku, jeżeli ta przebudowa nie dotyczy lokalu mieszkalnego zajmowanego przez lokatora na podstawie obowiązującej umowy najmu). | F12: I. Liczba miejsc w ogrzewalniach. | I12: A. Charakterystyka przedsięwzięcia określonego w art. 5 ustawy | K12: K. Tworzenie lokali mieszkalnych na wynajem, powstających w wyniku realizacji przez inwestora innego niż gmina albo związek międzygminny budowy budynku, w przypadku gdy beneficjent wsparcia ubiega się jednocześnie o grant OZE, o którym mowa w art. 13c ustawy – zakres informacji taki jak w lit. J. | M12: 2. Schronisko dla bezdomnych: | W12: Informuję, że przed złożeniem wniosku o finansowe wsparcie, budynek lub jego część, które są aktualnie przedmiotem przedsięwzięcia, nie podlegał finansowaniu ze środków Funduszu Dopłat lub rozliczenie to nastąpiło na więcej niż 25 lat przez złożeniem niniejszego wniosku. | X12: Informuję, że tworzone lokale mieszkalne na wynajem nie będą wynajmowane i użytkowane na zasadach wskazanych w art. 7a–7f ustawy. | Y12: Informauję, że tworzone lokale mieszkalne nie będą wynajmowane i użytkowane na zasadach wskazanych w art. 7a ust. 1 pkt 1 i art.7c ust. 3a ustawy.
A13: K - kupno lub kupno połączone z remontem | B13: I. Kupno budynku mieszkalnego albo udziału we własności budynku mieszkalnego, w tym kupno połączone z remontem lub przebudową tego budynku, w wyniku którego zostaną utworzone lub zmodernizowane pomieszczenia służące zaspokajaniu potrzeb mieszkaniowych studentów i doktorantów. | C13: NIE DOTYCZY | F13: F. Liczba miejsc w noclegowniach. | I13: A. Charakterystyka przedsięwzięcia określonego w art. 5 ustawy | K13: L. Tworzenie lokali mieszkalnych na wynajem, powstających w wyniku realizacji przez inwestora innego niż gmina albo związek międzygminny budowy budynku, w przypadku, o którym mowa w art. 22a ustawy – zakres informacji taki jak w lit. J. | M13: 1) adres nieruchomości; | W13: Informuję, że przed złożeniem wniosku o finansowe wsparcie, budynek lub jego część, które są aktualnie przedmiotem przedsięwzięcia, podlegał finansowaniu ze środków Funduszu Dopłat. Jednocześnie informuję, że przedsięwzięcie, w ramach którego finansowany był ten budynek nie zostało rozliczone lub zostało rozliczone, a rozliczenie to nastąpiło na mniej niż 25 lat przed złożeniem niniejszego wniosku. | X13: Informuję, że inwestor, któremu powierzy się świadczenie usługi publicznej w ogólnym interesie gospodarczym, świadczyć będzie usługę polegającą na najmie lokali mieszkalnych na warunkach określonych w art. 7a–7f ustawy.
A14: RPB - remont lub przebudowa budynku niemieszkalnego lub mieszkalnego z decyzją PINB (art. 66 ust. 2 lub art. 68 pkt 1 Prawa budowlanego) | C14: B. Remont budynku albo jego części. | F14: G. Liczba miejsc w schroniskach dla osób bezdomnych. | M14: 2) nowa powierzchnia użytkowa schroniska dla bezdomnych w m2, w tym powierzchnia mieszkalna w m2, w tym w pomieszczeniach mieszkalnych w m2; | W14: Informuję, że przed złożeniem wniosku o finansowe wsparcie, budynek lub jego część, które są aktualnie przedmiotem przedsięwzięcia, podlegał finansowaniu ze środków Funduszu Dopłat. Jednocześnie informuję, że przedsięwzięcie, w ramach którego finansowany był ten budynek lub ta część nie zostało rozliczone lub rozliczenie to nastąpiło na mniej niż 25 lat przez złożeniem niniejszego wniosku. | X14: Informuję, że inwestor, któremu powierzy się świadczenie usługi publicznej w ogólnym interesie gospodarczym, nie będzie świadczyć usługi polegającej na najmie lokali mieszkalnych na warunkach określonych w art. 7a–7f ustawy.
A15: RPBn - remont lub przebudowa budynku niemieszkalnego | C15: C. Przebudowa budynku albo jego części. | F15: IV. Rodzaj i wielkość zasobu powstającego lub zmodernizowanego w wyniku przedsięwzięcia | M15: 3) nowa powierzchnia użytkowa niestanowiąca schroniska dla bezdomnych; | W15: Informuję, że przedsięwzięcie jest realizowane na podstawie dokumentacji projektowej opracowanej z wykorzystaniem zasobu projektów, o którym mowa w art. 7g ustawy. | X15: Informuję, że tworzone lokale mieszkalne na wynajem będą wynajmowane i użytkowane na zasadach wskazanych w art. 7a–7d oraz 7f ustawy.
A16: RPBn/ZSUB –TBS/SG - remont lub przebudowa budynku niemieszkalnego przez TBS lub SG | C16: ZH. W przypadku przedsięwzięcia, o którym mowa w art. 5 ust. 1 albo art. 5c ust. 2 ustawy, informacja o dacie bądź planowanej dacie zawarcia umowy, o której mowa w art. 5 ust. 2 pkt 1 albo pkt 2 lit. a albo art. 5c ust. 3 ustawy, oraz okresie, na jaki została bądź zostanie zawarta ta umowa. | W16: Nie dotyczy realizowanego przedsięwzięcia
A17: ZSUB - zmiana sposobu użytkowania budynku | C17: Informacja o dacie bądź planowanej dacie zawarcia umowy, o której mowa w art. 5 ust. 2 pkt 1 albo pkt 2 lit. a albo art. 5c ust. 3 ustawy | D17: Okres, na jaki została zawarta ta umowa. | F17: C. Liczba tymczasowych pomieszczeń. | M17: 5) dotychczasowa powierzchnia użytkowa schroniska dla bezdomnych w m2, w tym powierzchnia mieszkalna w m2, w tym w pomieszczeniach mieszkalnych w m2; | X17: Informacja, że inwestor, któremu powierzy się świadczenie usługi publicznej w ogólnym interesie gospodarczym, świadczyć będzie usługę polegającą na najmie lokali mieszkalnych na warunkach określonych w art. 7a–7d oraz 7f ustawy.
C18: Informacja o dacie bądź planowanej dacie zawarcia umowy, o której mowa w art. 5 ust. 2 pkt 1 albo pkt 2 lit. a albo art. 5c ust. 3 ustawy | D18: Okres, na jaki zostanie zawarta ta umowa. | E18: Q. Tworzenie lokali mieszkalnych na wynajem, powstających w wyniku realizacji przez inwestora innego niż gmina albo związek międzygminny budowy budynku (art. 5 ust. 1 pkt 1 ustawy), na podstawie umowy, o której mowa w art. 5 ust. 2 ustawy, w przypadku gdy beneficjent wsparcia ubiega się jednocześnie o grant OZE. | F18: Nie dotyczy | M18: 6) całkowita liczba miejsc w pomieszczeniach mieszkalnych, po zakończeniu realizacji przedsięwzięcia, w podziale na poszczególne pomieszczenia mieszkalne; | X18: Informacja, że inwestor, któremu powierzy się świadczenie usługi publicznej w ogólnym interesie gospodarczym, nie będzie świadczyć usługi polegającej na najmie lokali mieszkalnych na warunkach określonych w art. 7a–7d oraz 7f ustawy.
E19: R. Tworzenie lokali mieszkalnych na wynajem, powstających w wyniku realizacji przez inwestora innego niż gmina albo związek międzygminny budowy budynku (art. 5 ust. 1 pkt 1 ustawy), na podstawie umowy, o której mowa w art. 5 ust. 2 ustawy, w przypadku, o którym mowa w art. 22a ustawy. | M19: 7) całkowita liczba natrysków, kabin WC, pisuarów i umywalek po zakończeniu realizacji przedsięwzięcia. | X19: Informuję, że (beneficjent wsparcia) ubiegam się o finansowe wsparcie na przedsięwzięcie, o którym mowa w art. 3 ust. 1 pkt 5 i 6 ustawy, którego przedmiotem zakupu są byłe mieszkania zakładowe, wraz z ich wykazem, których lokatorami są: 1) osoby, które przed dniem 7 lutego 2001 r. były pracownikami przedsiębiorstwa państwowego lub spółki handlowej, w których Skarb Państwa był podmiotem dominującym w rozumieniu ustawy z dnia 29 lipca 2005 r. o ofercie publicznej i warunkach wprowadzania instrumentów finansowych do zorganizowanego systemu obrotu oraz o spółkach publicznych (Dz. U. z 2021 r. poz. 1983 i 2140 oraz z 2022 r. poz. 872 i 1488); 2) zstępni, wstępni, małżonek lokatora, osoby przysposabiające lokatora i przysposobione przez niego oraz osoby, które pozostawały z lokatorem w faktycznym wspólnym pożyciu, zamieszkujące z lokatorem w chwili jego śmierci, którzy wstąpili w stosunek najmu po śmierci osób wskazanych w pkt 1.
A20: Rodzaj przedsięwzięcia | C20: Informuję, że gmina określiła kryteria, o których mowa w art. 22e ust. 1 pkt 1 ustawy z dnia 26 października 1995 r. o społecznych formach rozwoju mieszkalnictwa. | F20: J. Wskazanie, które z zadań własnych gminy, o których mowa w art. 7 ust. 1 pkt 2, 3, 4–6, 8–10 i 12 ustawy z dnia 8 marca 1990 r. o samorządzie gminnym, lub zadań publicznych powiatu, o których mowa w art. 4 ust. 1 pkt 1–3, 6–8 i 12 ustawy z dnia 5 czerwca 1998 r. o samorządzie powiatowym, jest realizowane w ramach przedsięwzięcia, o którym mowa w art. 5c ust. 1 lub 2 ustawy. | H20: C. Liczba tymczasowych pomieszczeń. | M20: 3. Ogrzewalnia: | W20: Beneficjentowi wsparcia nie przysługuje prawo do obniżenia kwoty podatku należnego o kwotę podatku naliczonego związanego z tym przedsięwzięciem lub zwrot tego podatku. | X20: Nie dotyczy realizowanego przedsięwzięwzięcia
A21: Budowa budynku | C21: Informuję, że gmina nieokreśliła kryteriów, o których mowa w art. 22e ust. 1 pkt 1 ustawy z dnia 26 października 1995 r. o społecznych formach rozwoju mieszkalnictwa. | F21: E. Liczba lokali mieszkalnych na wynajem tworzonych z udziałem gminy albo związku międzygminnego w wyniku reali zacji inwestycji przez inwestora, w przypadku gdy z realizacją przedsięwzięcia jest związane zawarcie umowy, o której mowa w art. 5 ust. 2 ustawy. | W21: Beneficjentowi wsparcia przysługuje prawo do obniżenia kwoty podatku należnego o kwotę podatku naliczonego związanego z tym przedsięwzięciem lub zwrot tego podatku.
A22: Remont lub przebudowa budynku niemieszkalnego lub mieszkalnego | F22: Nie dotyczy | M22: 2) nowa powierzchnia użytkowa ogrzewalni w m2; | W22: Nie dotyczy realizowanego przedsięwzięwzięcia
A23: Zmiana sposobu użytkowania budynku | M23: 3) nowa powierzchnia użytkowa niestanowiąca ogrzewalni;
A24: Kupno lub kupno połączone z remontem | E24: X. Tworzenie lokali mieszkalnych powstających w wyniku realizacji przez społeczną inicjatywę mieszkaniową albo spółkę gminną budowy budynku (art. 5 ust. 1 pkt 1 ustawy) na podstawie umowy, o której mowa w art. 5 ust. 2 ustawy, w przypadku, o którym mowa w art. 5a ust. 1 ustawy, w przypadku gdy beneficjent wsparcia ubiega się jednocześnie o grant OZE. | F24: A. Liczba lokali wchodzących w skład mieszkaniowego zasobu gminy, w tym liczba lokali, które zostaną utworzone i liczba lokali, które zostaną zmodernizowane. | M24: 4) nowa liczba miejsc w ogrzewalni;
A25: Remont lub przebudowa budynku niemieszkalnego | E25: Y. Tworzenie lokali mieszkalnych powstających w wyniku realizacji przez społeczną inicjatywę mieszkaniową albo spółkę gminną budowy budynku (art. 5 ust. 1 pkt 1 ustawy) na podstawie umowy, o której mowa w art. 5 ust. 2 ustawy, w przypadku, o którym mowa w art. 5a ust. 1 ustawy, w przypadku, o którym mowa w art. 22a ustawy. | F25: B. Liczba mieszkań chronionych. | M25: 5) dotychczasowa powierzchnia użytkowa ogrzewalni w m2;
F26: Nie dotyczy | M26: 4. Charakterystyka noclegowni (czy dana cecha występuje):
M27: 1) liczba miejsc nie większa niż 100;
A28: Inwestor inny | M28: 2) nie więcej niż 20 osób w jednej sypialni;
A29: Inwestor - TBS albo spółka gmina - art. 5a | M29: 3) powierzchnia przypadająca na osobę w sypialni - nie mniej niż 3 m2/osobę, w pomieszczeniach z łóżkami piętrowymi nie mniej niż 2 m2/osobę;
A30: Społeczna agencja najmu | F30: J. Liczba lokali mieszkalnych zrealizowanych w ramach programu „Za życiem”. | M30: 4) sypialnie z co najmniej 1 otwieranym oknem na pomieszczenie lub wentylacją przewidzianą dla pomieszczeń mieszkalnych bez otwieranych okien;
F31: K. Liczba lokali mieszkalnych dla seniorów, o których mowa w art. 5b ustawy. | M31: 5) sanitariaty (urządzenie natryskowe - 1 dla 15 osób, miska ustępowa - 1 dla 10 kobiet oraz 1 dla 20 mężczyzn, pisuar - 1 dla 20 mężczyzn, umywalka - 1 dla 5 osób, dostęp do bieżącej ciepłej i zimnej wody oraz możliwość przeprowadzenia zabiegów higienicznych);
M32: 6) jadalnia/świetlica (pomieszczenie do spożywania posiłków, które poza porami posiłków może pełnić funkcję świetlicy lub sali spotkań grupowych);
D33: [1]) | E33: Zmiany tekstu jednolitego wymienionej ustawy zostały ogłoszone w Dz. U. z 2021 r. poz. 2270 oraz z 2022 r. poz. 1, 66, 1079, 1692, 1700, 1812, 1967, 2127 i 2140. | M33: 7) pomieszczenie biurowe (wydzielone pomieszczenie do prac biurowych oraz indywidualnych rozmów z osobami bezdomnymi);
A34: Umowa | J34: 6) Obliczona zgodnie z art. 2 ust. 2 ustawy z dnia 21 czerwca 2001 r. o ochronie praw lokatorów, mieszkaniowym zasobie gminy i o zmianie Kodeksu cywilnego (Dz. U. z 2016 r. poz. 1610, z 2017 r. poz. 1442 i 1529 oraz z 2018 r. poz. 374 i 756). | M34: 8) magazyn odzieży, bielizny, pościeli (pomieszczenia wyposażone w regały, szafy i inne meble umożliwiające wymianę rzeczy brudnych i czystych);
A35: Faktura VAT | J35: 6) Obliczona zgodnie z art. 2 ust. 2 ustawy z dnia 21 czerwca 2001 r. o ochronie praw lokatorów, mieszkaniowym zasobie gminy i o zmianie Kodeksu cywilnego (Dz. U. z 2016 r. poz. 1610, z 2017 r. poz. 1442 i 1529 oraz z 2018 r. poz. 374 i 756). | M35: 9) magazyn środków chemicznych (wydzielone pomieszczenie na środki czystości i higieny);
A36: Kosztorys | J36: 6) Obliczona zgodnie z art. 2 ust. 2 ustawy z dnia 21 czerwca 2001 r. o ochronie praw lokatorów, mieszkaniowym zasobie gminy i o zmianie Kodeksu cywilnego (Dz. U. z 2016 r. poz. 1610, z 2017 r. poz. 1442 i 1529 oraz z 2018 r. poz. 374 i 756). | M36: 10) pralnia (wydzielone pomieszczenie wyposażone co najmniej w 1 pralkę dla 30 osób).
A37: Kalkulacja własna | J37: 7) Nie wlicza się wartości lub kosztu nabycia gruntu. Wlicza się koszt wyposażenia lokalu, o którym mowa w art. 6b ustawy. | M37: 5. Charakterystyka schroniska dla bezdomnych (czy dana cecha występuje):
A38: Rachunek | D38: U. Tworzenie lokali mieszkalnych na wynajem, powstających w wyniku realizacji przez inwestora innego niż gmina albo związek międzygminny remontu lub przebudowy całości albo części budynku mieszkalnego będącego własnością społecznej inicjatywy mieszkaniowej, której jedynym albo większościowym właścicielem jest gmina, jeżeli ten remont lub ta przebudowa nie dotyczy lokalu mieszkalnego zajmowanego przez lokatora na podstawie obowiązującej umowy najmu (art. 5 ust. 1 pkt 4 ustawy), na podstawie umowy, o której mowa w art. 5 ust. 2 ustawy. | F38: A. Liczba lokali wchodzących w skład mieszkaniowego zasobu gminy, w tym liczba lokali, które zostaną utworzone i liczba lokali, które zostaną zmodernizowane. | J38: 6) Obliczona zgodnie z art. 2 ust. 2 ustawy z dnia 21 czerwca 2001 r. o ochronie praw lokatorów, mieszkaniowym zasobie gminy i o zmianie Kodeksu cywilnego (Dz. U. z 2016 r. poz. 1610, z 2017 r. poz. 1442 i 1529 oraz z 2018 r. poz. 374 i 756). | M38: 1) liczba miejsc nie większa niż 80;
A39: Zlecenie | D39: ZB. Tworzenie lokali mieszkalnych na wynajem, powstających w wyniku realizacji przez społeczną inicjatywę mieszkaniową albo spółkę gminną remontu lub przebudowy całości albo części budynku mieszkalnego, będącego własnością społecznej inicjatywy mieszkaniowej, której jedynym albo większościowym właścicielem jest gmina, jeżeli ten remont lub ta przebudowa nie dotyczy lokalu mieszkalnego zajmowanego przez lokatora na podstawie obowiązującej umowy najmu (art. 5 ust. 1 pkt 4 ustawy), na podstawie umowy, o której mowa w art. 5 ust. 2 ustawy, w przypadku, o którym mowa w art. 5a ust. 1 ustawy. | F39: C. Liczba tymczasowych pomieszczeń. | J39: 6) Obliczona zgodnie z art. 2 ust. 2 ustawy z dnia 21 czerwca 2001 r. o ochronie praw lokatorów, mieszkaniowym zasobie gminy i o zmianie Kodeksu cywilnego (Dz. U. z 2016 r. poz. 1610, z 2017 r. poz. 1442 i 1529 oraz z 2018 r. poz. 374 i 756). | M39: 2) nie więcej niż 10 osób w jednym pomieszczeniu mieszkalnym;
A40: operat szacunkowy | F40: Nie dotyczy | J40: 6) Obliczona zgodnie z art. 2 ust. 2 ustawy z dnia 21 czerwca 2001 r. o ochronie praw lokatorów, mieszkaniowym zasobie gminy i o zmianie Kodeksu cywilnego (Dz. U. z 2016 r. poz. 1610, z 2017 r. poz. 1442 i 1529 oraz z 2018 r. poz. 374 i 756). | M40: 3) powierzchnia przypadająca na osobę w pomieszczeniu mieszkalnym - nie mniej niż 4 m2/osobę, w pomieszczeniach z łóżkami piętrowymi nie mniej niż 3 m2/osobę;
A41: Tak, w każdym budynku oraz każdej wydzielonej w pionie odrębnej części budynku zaprojektowano dźwig przystosowany do przewozu mebli, chorych na noszach i osób niepełnosprawnych. | J41: 8) Wlicza się tylko koszty, o których mowa w art. 14 pkt 2 ustawy. | M41: 4) pomieszczenia mieszkalne z co najmniej 1 oknem;
A42: W budynku lub w pionie odrębnej części budynku oznaczonym numer………. zaprojektowano dźwig przystosowany do przewozu mebli, chorych na noszach i osób niepełnosprawnych. | J42: 6) Obliczona zgodnie z art. 2 ust. 2 ustawy z dnia 21 czerwca 2001 r. o ochronie praw lokatorów, mieszkaniowym zasobie gminy i o zmianie Kodeksu cywilnego (Dz. U. z 2016 r. poz. 1610, z 2017 r. poz. 1442 i 1529 oraz z 2018 r. poz. 374 i 756). | M42: 5) sanitariaty (urządzenie natryskowe - 1 dla 15 osób, miska ustępowa - 1 dla 10 kobiet oraz 1 dla 20 mężczyzn, pisuar - 1 dla 20 mężczyzn, umywalka - 1 dla 5 osób, dostęp do bieżącej ciepłej i zimnej wody oraz możliwość przeprowadzenia zabiegów higienicznych);
A43: Nie dotyczy (z uwagi na nie stosowanie standardów lub dla budynków do dwóch kondygnacji nadziemnych). | J43: 6) Obliczona zgodnie z art. 2 ust. 2 ustawy z dnia 21 czerwca 2001 r. o ochronie praw lokatorów, mieszkaniowym zasobie gminy i o zmianie Kodeksu cywilnego (Dz. U. z 2016 r. poz. 1610, z 2017 r. poz. 1442 i 1529 oraz z 2018 r. poz. 374 i 756). | M43: 6) kuchnia do sporządzania indywidualnych posiłków (wydzielone pomieszczenie do samodzielnego przygotowywania posiłków wyposażone w co najmniej jedną kuchenkę i lodówkę oraz szafki kuchenne);
J44: 6) Obliczona zgodnie z art. 2 ust. 2 ustawy z dnia 21 czerwca 2001 r. o ochronie praw lokatorów, mieszkaniowym zasobie gminy i o zmianie Kodeksu cywilnego (Dz. U. z 2016 r. poz. 1610, z 2017 r. poz. 1442 i 1529 oraz z 2018 r. poz. 374 i 756). | M44: 7) jadalnia/świetlica (pomieszczenie do spożywania posiłków, które poza porami posiłków może pełnić funkcję świetlicy lub sali spotkań grupowych);
J45: 7) Nie wlicza się wartości lub kosztu nabycia gruntu. Wlicza się koszt wyposażenia lokalu, o którym mowa w art. 6b ustawy. | M45: 8) pralnia i suszarnia (pomieszczenie na pralnię i suszarnię wyposażone w co najmniej jedną pralkę na 30 osób; w przypadku braku suszarni - dostęp do co najmniej jednej suszarki elektrycznej na 30 osób);
A46: Koszty materiałów i robót budowlanych budynku | M46: 9) pomieszczenie biurowe (wydzielone pomieszczenie do prac biurowych);
A47: Koszty materiałów i robót budowlanych zagospodarowanie terenu | M47: 10) magazyn odzieży, bielizny, pościeli (pomieszczenia wyposażone w regały, szafy i inne meble umożliwiające wymianę rzeczy brudnych i czystych);
A48: Koszty projektowania | M48: 11) magazyn środków chemicznych (wydzielone pomieszczenie na środki czystości i higieny);
A49: Koszty niezbędnych badań i ekspertyz | B49: Umowa, o której mowa w art. 5 ust. 2 pkt 1 ustawy będzie obowiązywała przez okres co najmniej 15 lat, licząc od dnia rozliczenia kosztów przedsięwzięcia tj. od dnia wpływu do banku poprawnych i kompletnych dokumentów wynikających m.in. z art. 18 ustawy i zapisów umowy o udzielenie finansowego wsparcia, o której mowa w art. 12 ustawy. | C49: Informuję, że koszty łącznej powierzchni użytkowej lokali znajdujących się lub powstających w budynku, nieobjętych finansowym wsparciem (V.A.A.3) nie zostały ujęte w pozycjach kosztowych pkt VI.F wniosku. Wskazane, w pkt VI.F wniosku, pozycje kosztowe dotyczą tylko i wyłącznie kosztów łącznej powierzchni użytkowej tworzonych w ramach przedsięwzięcia lokali wchodzących w skład mieszkaniowego zasobu gminy, mieszkań treningowych lub wspomaganych oraz tymczasowych pomieszczeń (V.A.A.2) dlatego wskaźnik kosztowy nie został zastosowany. | D49: Informuję, że koszty łącznej powierzchni użytkowej nabywanych lokali nieobjętych finansowym wsparciem (liczba w komórce AJ97) nie zostały ujęte w pozycjach kosztowych pkt VI.F wniosku. Wskazane, w pkt VI.F wniosku, pozycje kosztowe dotyczą tylko i wyłącznie kosztów łącznej powierzchni użytkowej lokali mieszkalnych nabywanych w ramach przedsięwzięcia (V.A.B.3) dlatego wskaźnik kosztowy nie został zastosowany. | M49: 12) pokój spotkań indywidualnych (wydzielone pomieszczenie do spotkań indywidualnych);
A50: Pełnienie funkcji inwestora zastępczego | C50: Informuję, że koszty powierzchni użytkowej lokali znajdujących się lub powstających w budynku, nieobjętych finansowym wsparciem (V.A.A.3) zostały ujęte w pozycjach kosztowych pkt VI.F wniosku dlatego wskaźnik kosztowy został zastosowany. | D50: Informuję, że koszty łącznej powierzchni użytkowej nabywanych lokali nieobjętych finansowym wsparciem (liczba w komórce AJ97) zostały ujęte w pozycjach kosztowych pkt VI.F wniosku dlatego wskaźnik kosztowy został zastosowany. | M50: 13) pracownia komputerowa (wydzielone pomieszczenie lub jego część, wyposażone w komputer z dostępem do internetu).
A51: Nadzór i kierowanie budową | M51: 6. Charakterystyka ogrzewalni (czy dana cecha występuje):
A52: Rozliczenie robót budowlanych | M52: 1) liczba miejsc nie większa niż 50;
A53: Koszty przygotowania terenu | C53: Oświadczam, że wartość wskaźnika rocznego zapotrzebowania na nieodnawialną energię pierwotną EP w budynku realizowanym w ramach przedsięwzięcia nie przekracza 52 kWh/(m2·rok). | M53: 2) liczba miejsc siedzących dla nie więcej niż 25 osób w jednym pomieszczeniu pobytowym;
A54: Opłaty przyłączeniowe | C54: Oświadczam, że wszczęto co najmniej jedno postępowanie o zamówienie publiczne na prace projektowe albo na podstawie umowy rozpoczęto prace projektowe przed dniem 1 stycznia 2024 r. | M54: 3) powierzchnia przypadająca na osobę w pomieszczeniu pobytowym - nie mniej niż 2 m2/osobę;
A55: koszty wykonania niezbędnego uzbrojenia terenu | C55: Oświadczam, że została wydana decyzja o warunkach zabudowy i zagospodarowania terenu lub wszczęto postępowanie o jej wydanie przed dniem 1 stycznia 2024 r. | M55: 4) sanitariaty (miska ustępowa - 1 dla 20 kobiet oraz 1 dla 30 mężczyzn, pisuar - 1 dla 30 mężczyzn, umywalka - 1 dla 20 osób, stały dostęp do bieżącej ciepłej i zimnej wody oraz możliwość przeprowadzenia zabiegów higienicznych);
A56: Koszt zakup, montażu lub budowy instalacji OZE | C56: Oświadczam, że inwestor złożył wniosek o wydanie pozwolenia na budowę albo posiada pozwolenie na budowę przed dniem 1 stycznia 2024 r. | M56: 5) pomieszczenie biurowe (wydzielone pomieszczenie do prac biurowych oraz indywidualnych rozmów z osobami bezdomnymi).
A57: Koszty stanowisk postojowych lub garaży | C57: Oświadczam, że zostało dokonane zgłoszenie budowy lub innych robót budowlanych, w przypadku gdy nie jest wymagane uzyskanie pozwolenia na budowę, przed dniem 1 stycznia 2024 r. | M57: 7. Dostosowanie do potrzeb osób niepełnosprawnych ruchowo (podjazdy dla wózków inwalidzkich, ciągi komunikacyjne w budynku, winda lub inne rozwiązania architektoniczne).
A58: Koszty hali garażowej w budynku mieszkalnym | C58: Nie dotyczy realizowanego przedsięwzięcia EP nie przekracza 52 kWh/(m2·rok). | M58: B. Remont lub przebudowa budynku niemieszkalnego, przeznaczonego na pobyt ludzi, będącego własnością gminy, jednoosobowej spółki gminnej, związku międzygminnego albo organizacji pożytku publicznego, albo części takiego budynku - zakres informacji jak w lit. A.
A59: kwota rezerwy z stawką VAT 8% | M59: C. Remont lub przebudowa budynku mieszkalnego, będącego własnością gminy lub jednoosobowej spółki gminnej, albo części takiego budynku, jeżeli budynek mieszkalny albo jego część, ze względu na stan techniczny został wyłączony z użytkowania albo zakazano jego użytkowania na podstawie art. 66 ust. 2 albo art. 68 pkt 1 ustawy z dnia 7 lipca 1994 r. - Prawo budowlane - zakres informacji jak w lit. A.
A60: kwota rezerwy z stawką VAT 23% | M60: D. Zmiana sposobu użytkowania budynku będącego własnością gminy, jednoosobowej spółki gminnej, związku międzygminnego albo organizacji pożytku publicznego, albo części takiego budynku, wymagającej dokonania remontu lub przebudowy - zakres informacji jak w lit. A.
M61: E. Remont lub przebudowa istniejących noclegowni, schronisk dla bezdomnych lub ogrzewalni, w wyniku którego nastąpi dostosowanie noclegowni, schroniska dla bezdomnych lub ogrzewalni do standardów, o których mowa w przepisach wydanych na podstawie art. 48a ust. 14 ustawy z dnia 12 marca 2004 r. o pomocy społecznej - zakres informacji jak w lit. A.
A62: Beneficjent wsparcia | B62: VII. Oświadczenie o prawdziwości danych zawartych we wniosku, podpisane przez
A63: Gmina | B63: 1) w przypadku gminy - wójta (burmistrza, prezydenta miasta);
A64: Powiat | B64: 3) w przypadku powiatu - starostę;
A65: Związek międzygminny | B65: 2) w przypadku związku międzygminnego - zarząd związku;
A66: Organizacja pożytku publicznego | B66: 4) w przypadku jednoosobowej spółki gminnej, spółki celowej i organizacji pożytku publicznego - osobę lub osoby uprawnione do składania oświadczeń woli w imieniu spółki i organizacji (należy dołączyć aktualny dokument potwierdzający uprawnienia).
A67: Spółka celowa | B67: 4) w przypadku jednoosobowej spółki gminnej, spółki celowej i organizacji pożytku publicznego - osobę lub osoby uprawnione do składania oświadczeń woli w imieniu spółki i organizacji (należy dołączyć aktualny dokument potwierdzający uprawnienia).
A68: Jednoosobowa spółka gminna | B68: 4) w przypadku jednoosobowej spółki gminnej, spółki celowej i organizacji pożytku publicznego - osobę lub osoby uprawnione do składania oświadczeń woli w imieniu spółki i organizacji (należy dołączyć aktualny dokument potwierdzający uprawnienia).
A69: uczelnia publiczna
A70: =IF(B15="Gmina","1) w przypadku gminy - wójta (burmistrza, prezydenta miasta)",IF(B15="Powiat","3) w przypadku powiatu - starostę)",IF(B15="Związek międzygminny","2) w przypadku związku międzygminnego - zarząd związku",IF(B15="Organizacja pożytku publicznego","4) w przypadku jednoosobowej spółki gminnej, spółki celowej i organizacji pożytku publicznego - osobę lub osoby uprawnione do składania oświadczeń woli w imieniu spółki i organizacji (należy dołączyć aktualny dokument potwierdzający uprawnienia)",IF(B15="Spółka celowa","4) w przypadku jednoosobowej spółki gminnej, spółki celowej i organizacji pożytku publicznego - osobę lub osoby uprawnione do składania oświadczeń woli w imieniu spółki i organizacji (należy dołączyć aktualny dokument potwierdzający uprawnienia)",IF(B15="Jednoosobowa spółka gminna","4) w przypadku jednoosobowej spółki gminnej, spółki celowej i organizacji pożytku publicznego - osobę lub osoby uprawnione do składania oświadczeń woli w imieniu spółki i organizacji (należy dołączyć aktualny dokument potwierdzający uprawnienia)",IF(B15="","")))))))
A71: brak ulicy
A73: brak numeru
F165: Wielkość finansowego wsparcia
C166: Wielkość finansowego wsparcia | D166: Wielkość finansowego wsparcia
F168: 0.5
C169: 0.8 | D169: 0.25 | E169: 0 | F169: 0.8 | G169: 0.2
C170: 0.9 | D170: 0.25 | E170: 0.1 | F170: 0.9 | G170: 0.45
C171: 0.9 | D171: 0.8 | E171: 0.1
D172: 0.45
D173: 0.5
D174: 0.6
D175: 0.6
B179: Rok
B180: 2018
A181: Miesiąc | B181: 2019
A182: styczeń | B182: 2020
A183: luty | B183: 2021
A184: marzec | B184: 2022
A185: kwiecień | B185: 2023
A186: maj | B186: 2024
A187: czerwiec | B187: 2025
A188: lipiec | B188: 2026
A189: sierpień | B189: 2027
A190: wrzesień | B190: 2028
A191: październik | B191: 2029
A192: listopad
A193: grudzień
A195: pierwszy kwartał
A196: drugi kwartał
A197: trzeci kwartał
...

Sheet Słownik N_S_O
A1: III. Rodzaj przedsięwzięcia (należy wskazać właściwe) | B1: V. B. Charakterystyka przedsięwzięcia określonego w art. 4 ustawy | C1: 0.8 | F1: Beneficjent wsparcia | G1: Doprecyzowanie beneficjenta wsparcia | O1: Przedsięwzięcie spełnia standardy, o których mowa w przepisach wydanych na podstawie art. 48a ust. 14 ustawy z dnia 12 marca 2004 r. o pomocy społecznej. | Q1: Budowa, Przebudowa lub remont, zmiana sposobu użytkowania -> schroniska dla osób bezdomnych, noclegownie i ogrzewalnie
A2: K. Budowa budynku na nieruchomości stanowiącej własność albo będącej w użytkowaniu wieczystym gminy, jednoosobowej spółki gminnej, związku międzygminnego, organizacji pozarządowej albo podmiotów, o których mowa w art. 3 ust. 3 ustawy z dnia 24 kwietnia 2003 r. o działalności pożytku publicznego i o wolontariacie (art. 4 ust. 1 pkt 1 i ust. 3 ustawy), w wyniku której powstaną noclegownie lub schroniska dla osób bezdomnych lub nastąpi zwiększenie powierzchni użytkowej pomieszczeń noclegowych w istniejącej noclegowni lub pomieszczeń mieszkalnych w istniejącym schronisku dla osób bezdomnych, albo powstanie ogrzewalnia, z zastrzeżeniem że w tym samym budynku powstanie również noclegownia lub schronisko dla osób bezdomnych. | B2: A. Budowa budynku na nieruchomości stanowiącej własność albo będącej w użytkowaniu wieczystym gminy, jednoosobowej spółki gminnej, związku międzygminnego, organizacji pozarządowej albo podmiotów, o których mowa w art. 3 ust. 3 ustawy z dnia 24 kwietnia 2003 r. o działalności pożytku publicznego i o wolontariacie: | D2: 1. Noclegownia: | E2: TAK | F2: Gmina | G2: podstawowa jednostka samorządu terytorialnego, o której mowa w art. 1 ust. 2 ustawy z dnia 8 marca 1990 r. o samorządzie gminnym (Dz. U. z 2017 r. poz. 1875 z późn. zm.). | H2: Data rozpoczęcia realizacji przedsięwzięcia (miesiąc słownie i rok) | I2: Data zakończenia realizacji przedsięwzięcia (miesiąc słownie i rok) | O2: Przedsięwzięcie niespełnia standardów, o których mowa w przepisach wydanych na podstawie art. 48a ust. 14 ustawy z dnia 12 marca 2004 r. o pomocy społecznej. | Q2: Informuję, (informacja beneficjenta wsparcia) że posiadam prawo własności lub prawo użytkowania wieczystego gruntu, na którym jest realizowane przedsięwzięcie.
A3: L. Remont lub przebudowa budynku niemieszkalnego przeznaczonego na pobyt ludzi, będącego własnością gminy, jednoosobowej spółki gminnej, związku międzygminnego, organizacji pozarządowej albo podmiotów, o których mowa w art. 3 ust. 3 ustawy z dnia 24 kwietnia 2003 r. o działalności pożytku publicznego i o wolontariacie, albo części takiego budynku (art. 4 ust. 1 pkt 2 i ust. 3 ustawy), w wyniku których powstaną noclegownie, schroniska dla osób bezdomnych lub ogrzewalnia lub nastąpi zwiększenie powierzchni użytkowej pomieszczeń noclegowych w istniejącej noclegowni lub pomieszczeń mieszkalnych w istniejącym schronisku dla osób bezdomnych. | B3: B. Remont lub przebudowa budynku niemieszkalnego przeznaczonego na pobyt ludzi, będącego własnością gminy, jednoosobowej spółki gminnej, związku międzygminnego, organizacji pozarządowej albo podmiotów, o których mowa w art. 3 ust. 3 ustawy z dnia 24 kwietnia 2003 r. o działalności pożytku publicznego i o wolontariacie, albo części takiego budynku – zakres informacji taki jak w lit. A. | E3: NIE | F3: Związek międzygminny | G3: związki międzygminne, o których mowa w art. 64 ustawy z dnia 8 marca 1990 r. o samorządzie gminnym (Dz. U. z 2017 r. poz. 1875 z późn. zm.) Związki międzygminne tworzone są przez gminy w celu wspólnego wykonywania zadań publicznych | H3: Przewidywana data rozpoczęcia realizacji przedsięwzięcia (miesiąc słownie i rok) | I3: Przewidywana data zakończenia realizacji przedsięwzięcia (miesiąc słownie i rok) | Q3: Informuję, że posiadam prawo własności budynku lub części budynku (w tym lokali), w którym realizowane jest przedsięwzięcie.
A4: M. Remont lub przebudowa budynku mieszkalnego będącego własnością gminy lub jednoosobowej spółki gminnej, związku międzygminnego, organizacji pozarządowej albo podmiotów, o których mowa w art. 3 ust. 3 ustawy z dnia 24 kwietnia 2003 r. o działalności pożytku publicznego i o wolontariacie, albo części takiego budynku, jeżeli budynek mieszkalny albo jego część nie są zamieszkane (art. 4 ust. 1 pkt 3 i ust. 3 ustawy), w wyniku których powstaną noclegownie, schroniska dla osób bezdomnych lub ogrzewalnia lub nastąpi zwiększenie powierzchni użytkowej pomieszczeń noclegowych w istniejącej noclegowni lub pomieszczeń mieszkalnych w istniejącym schronisku dla osób bezdomnych. | B4: C. Remont lub przebudowa budynku mieszkalnego, będącego własnością gminy, jednoosobowej spółki gminnej, związku międzygminnego, organizacji pozarządowej albo podmiotów, o których mowa w art. 3 ust. 3 ustawy z dnia 24 kwietnia 2003 r. o działalności pożytku publicznego i o wolontariacie, albo części takiego budynku, jeżeli budynek mieszkalny albo jego część nie są zamieszkane – zakres informacji taki jak w lit. A. | F4: Jednoosobowa spółka gminna | G4: podmiot, któremu przysługuje status organizacji pożytku publicznego w rozumieniu ustawy z dnia 24 kwietnia 2003 r. o działalności pożytku publicznego i o wolontariacie (Dz. U. z 2018 r. poz. 450) | Q4: Informuję, (informacja beneficjenta wsparcia będącego organizacją pozarządową lub podmiotu, o którym mowa w art. 3 ust. 3 ustawy z dnia 24 kwietnia 2003 r. o działalności pożytku publicznego i o wolontariacie) że przedsięwzięcie realizowane jest na nieruchomościach stanowiących własność gminy, jednoosobowej spółki gminnej, związku międzygminnego lub Skarbu Państwa.
A5: N. Zmiana sposobu użytkowania budynku będącego własnością gminy, jednoosobowej spółki gminnej, związku międzygminnego, organizacji pozarządowej albo podmiotów, o których mowa w art. 3 ust. 3 ustawy z dnia 24 kwietnia 2003 r. o działalności pożytku publicznego i o wolontariacie, albo części takiego budynku, wymagająca dokonania remontu lub przebudowy (art. 4 ust. 1 pkt 4 i ust. 3 ustawy), w wyniku której powstaną noclegownie, schroniska dla osób bezdomnych lub ogrzewalnia lub nastąpi zwiększenie powierzchni użytkowej pomieszczeń noclegowych w istniejącej noclegowni lub pomieszczeń mieszkalnych w istniejącym schronisku dla osób bezdomnych. | B5: D. Zmiana sposobu użytkowania budynku będącego własnością gminy, jednoosobowej spółki gminnej, związku międzygminnego, organizacji pozarządowej albo podmiotów, o których mowa w art. 3 ust. 3 ustawy z dnia 24 kwietnia 2003 r. o działalności pożytku publicznego i o wolontariacie, albo części takiego budynku, wymagająca dokonania remontu lub przebudowy – zakres informacji taki jak w lit. A. | F5: Organizacja pozarządowa | G5: spółki z ograniczoną odpowiedzialnością lub spółki akcyjne, niedziałające w formie towarzystwa budownictwa społecznego, których wszystkie udziały albo akcje należą do jednego wspólnika albo akcjonariusza, a tym wspólnikiem albo akcjonariuszem jest gmina i którym gmina powierzyła realizację zadania własnego w zakresie zaspokajania potrzeb mieszkaniowych wspólnoty samorządowej | Q5: Informuję, (informacja beneficjenta wsparcia będącego organizacją pozarządową lub podmiotem, o którym mowa w art. 3 ust. 3 ustawy z dnia 24 kwietnia 2003 r. o działalności pożytku publicznego i o wolontariacie) że przedsięwzięcie realizowane jest na nieruchomościach stanowiących własność gminy, jednoosobowej spółki gminnej, związku międzygminnego lub Skarbu Państwa albo będących przedmiotem umowy dzierżawy lub użyczenia.
A6: O. Remont, przebudowa, rozbudowa lub nadbudowa istniejącej noclegowni, istniejącego schroniska dla osób bezdomnych lub istniejącej ogrzewalni, w wyniku których nastąpi dostosowanie noclegowni, schroniska dla osób bezdomnych lub ogrzewalni do standardów, o których mowa w przepisach wydanych na podstawie art. 48a ust. 14 ustawy z dnia 12 marca 2004 r. o pomocy społecznej (Dz. U. z 2021 r. poz. 2268, z późn. zm.[1])) (art. 4 ust. 2 ustawy). | B6: E. Remont, przebudowa, rozbudowa lub nadbudowa istniejącej noclegowni, istniejącego schroniska dla osób bezdomnych lub istniejącej ogrzewalni, w wyniku których nastąpi dostosowanie noclegowni, schroniska dla osób bezdomnych lub ogrzewalni do standardów, o których mowa w przepisach wydanych na podstawie art. 48a ust. 14 ustawy z dnia 12 marca 2004 r. o pomocy społecznej – zakres informacji taki jak w lit. A. | F6: Podmioty, o których mowa w art. 3 ust. 3 ustawy o działalności pożytku publicznego i wolontariacie
A9: [1]) | B9: Zmiany tekstu jednolitego wymienionej ustawy zostały ogłoszone w Dz. U. z 2021 r. poz. 2270 oraz z 2022 r. poz. 1, 66, 1079, 1692, 1700, 1812, 1967, 2127 i 2140.

Sheet Słownik Infrasr
A1: III. Rodzaj przedsięwzięcia (należy wskazać właściwe) | B1: IV. Rodzaj i wielkość zasobu powstającego lub zmodernizowanego w wyniku przedsięwzięcia
A2: ZC. Budowa lub przebudowa infrastruktury technicznej lub infrastruktury społecznej (art. 5c ust. 1 i 1a ustawy). | B2: I. Wskazanie, które z zadań własnych gminy, o których mowa w art. 7 ust. 1 pkt 2, 3, 4–6, 8–10 i 12 ustawy z dnia 8 marca 1990 r. o samorządzie gminnym, lub zadań publicznych powiatu, o których mowa w art. 4 ust. 1 pkt 1–3, 6–8 i 12 ustawy z dnia 5 czerwca 1998 r. o samorządzie powiatowym, jest realizowane w ramach przedsięwzięcia, o którym mowa w art. 5c ust. 1 lub 2 ustawy. | C2: W. Informacja, czy w ramach przedsięwzięcia występuje pomoc publiczna – w przypadku przedsięwzięć, o których mowa w art. 5c ustawy. | D2: W ramach przedsięwzięcia występuje pomoc publiczna.
A3: ZD. Budowa lub przebudowa infrastruktury technicznej lub infrastruktury społecznej przez inwestora, który realizuje przedsięwzięcie albo inwestycję powiązane z przedsięwzięciem infrastrukturalnym, o których mowa w art. 5c ust. 1 i 1a ustawy, lub jednoosobową spółkę gminną, której gmina przekazała realizację jednego z zadań własnych, o których mowa w art. 7 ust. 1 pkt 2, 3, 4–6, 8–10 i 12 ustawy z dnia 8 marca 1990 r. o samorządzie gminnym (art. 5c ust. 2 ustawy), na podstawie umowy, o której mowa w art. 5c ust. 3 ustawy. | B3: Art. 7. 1. pkt 2 ustawy z dnia 8 marca 1990 r. o samorządzie gminnym - gminnych dróg, ulic, mostów, placów oraz organizacji ruchu drogowego. | D3: W ramach przedsięwzięcia nie występuje pomoc publiczna. | M3: W. W przypadku przedsięwzięć, o których mowa w art. 5c ustawy, oświadczenie beneficjenta wsparcia, że w ramach przedsięwzięcia występuje bądź nie występuje pomoc publiczna.
B4: Art. 7. 1. pkt 3 ustawy z dnia 8 marca 1990 r. o samorządzie gminnym - wodociągów i zaopatrzenia w wodę, kanalizacji, usuwania i oczyszczania ścieków komunalnych, utrzymania czystości i porządku oraz urządzeń sanitarnych, wysypisk i unieszkodliwiania odpadów komunalnych, zaopatrzenia w energię elektryczną i cieplną oraz gaz. | C4: Art. 4 ust. 1 pkt 1 ustawy z dnia 5 czerwca 1998 r. o samorządzie powiatowym - edukacji publicznej | M4: W. Oświadczam (oświadczenie beneficjenta wsparcia), że w ramach przedsięwzięcia występuje pomoc publiczna.
B5: Art. 7. 1. pkt 4 ustawy z dnia 8 marca 1990 r. o samorządzie gminnym - lokalnego transportu zbiorowego. | C5: Art. 4 ust. 1 pkt 2 ustawy z dnia 5 czerwca 1998 r. o samorządzie powiatowym - promocji i ochrony zdrowia | M5: W. Oświadczam (oświadczenie beneficjenta wsparcia), że w ramach przedsięwzięcia nie występuje pomoc publiczna.
B6: Art. 7. 1. pkt 5 ustawy z dnia 8 marca 1990 r. o samorządzie gminnym - ochrony zdrowia. | C6: Art. 4 ust. 1 pkt 3 ustawy z dnia 5 czerwca 1998 r. o samorządzie powiatowym - pomocy społecznej
B7: Art. 7. 1. pkt 6 ustawy z dnia 8 marca 1990 r. o samorządzie gminnym - pomocy społecznej, w tym ośrodków i zakładów opiekuńczych. | C7: Art. 4 ust. 1 pkt 6 ustawy z dnia 5 czerwca 1998 r. o samorządzie powiatowym - transportu zbiorowego i dróg publicznych
B8: Art. 7. 1. pkt 8 ustawy z dnia 8 marca 1990 r. o samorządzie gminnym - edukacji publicznej. | C8: Art. 4 ust. 1 pkt 7 ustawy z dnia 5 czerwca 1998 r. o samorządzie powiatowym - kultury oraz ochrony zabytków i opieki nad zabytkami
B9: Art. 7. 1. pkt 9 ustawy z dnia 8 marca 1990 r. o samorządzie gminnym - kultury, w tym bibliotek gminnych i innych instytucji kultury oraz ochrony zabytków i opieki nad zabytkami. | C9: Art. 4 ust. 1 pkt 8 ustawy z dnia 5 czerwca 1998 r. o samorządzie powiatowym kultury fizycznej i turystyki
B10: Art. 7. 1. pkt 10 ustawy z dnia 8 marca 1990 r. o samorządzie gminnym - kultury fizycznej i turystyki, w tym terenów rekreacyjnych i urządzeń sportowych. | C10: Art. 4 ust. 1 pkt 12 ustawy z dnia 5 czerwca 1998 r. o samorządzie powiatowym - gospodarki wodnej
B11: Art. 7. 1. pkt 12 ustawy z dnia 8 marca 1990 r. o samorządzie gminnym - zieleni gminnej i zadrzewień. | C11: Nie dotyczy
B12: Nie dotyczy

Sheet Słownik woj_powiaty
A1: Kategoria | E1: Kategoria | F1: Podkategoria
A2: DOLNOŚLĄSKIE | E2: DOLNOŚLĄSKIE | F2: bolesławiecki
A3: KUJAWSKO-POMORSKIE | E3: DOLNOŚLĄSKIE | F3: dzierżoniowski
A4: LUBELSKIE | E4: DOLNOŚLĄSKIE | F4: głogowski
A5: LUBUSKIE | E5: DOLNOŚLĄSKIE | F5: górowski
A6: ŁÓDZKIE | E6: DOLNOŚLĄSKIE | F6: jaworski
A7: MAŁOPOLSKIE | E7: DOLNOŚLĄSKIE | F7: jeleniogórski
A8: MAZOWIECKIE | E8: DOLNOŚLĄSKIE | F8: kamiennogórski
A9: OPOLSKIE | E9: DOLNOŚLĄSKIE | F9: kłodzki
A10: PODKARPACKIE | E10: DOLNOŚLĄSKIE | F10: legnicki
A11: PODLASKIE | E11: DOLNOŚLĄSKIE | F11: lubański
A12: POMORSKIE | E12: DOLNOŚLĄSKIE | F12: lubiński
... A17: ZACHODNIOPOMORSKIE | E17: DOLNOŚLĄSKIE | F17: polkowicki
E18: DOLNOŚLĄSKIE | F18: strzeliński
E19: DOLNOŚLĄSKIE | F19: średzki
E20: DOLNOŚLĄSKIE | F20: świdnicki
E21: DOLNOŚLĄSKIE | F21: trzebnicki
E22: DOLNOŚLĄSKIE | F22: wałbrzyski
E23: DOLNOŚLĄSKIE | F23: wołowski
E24: DOLNOŚLĄSKIE | F24: wrocławski
E25: DOLNOŚLĄSKIE | F25: ząbkowicki
E26: DOLNOŚLĄSKIE | F26: zgorzelecki
E27: DOLNOŚLĄSKIE | F27: złotoryjski
E28: DOLNOŚLĄSKIE | F28: Jelenia Góra
E29: DOLNOŚLĄSKIE | F29: Legnica
... E381: ZACHODNIOPOMORSKIE | F381: Świnoujście
